GIF_ID,File_Name,Caption,Enhanced_Caption,GO_Emotion,Confidence_Score,Mapped_Emotion
2XskdWPH2WxnxfMnZAI,/home/jecroisp/Thesis/processed_data/TestingData/downLoadedGifs/2XskdWPH2WxnxfMnZAI.gif,Happy Hour Drinking GIF,a woman in a dress sitting at a table,curiosity,0.1036173403263092,Neutral
S5Pgd5fykea99hAm8r,/home/jecroisp/Thesis/processed_data/TestingData/downLoadedGifs/S5Pgd5fykea99hAm8r.gif,Michael J Fox Film GIF by BAFTA,a man in a suit and glasses is standing at a podium,excitement,0.0980830192565918,Happiness
PJTQJPEoWvuKY,/home/jecroisp/Thesis/processed_data/TestingData/downLoadedGifs/PJTQJPEoWvuKY.gif,Cruel Intentions Parallels GIF,a woman in a dress standing in front of a crowd,excitement,0.1195646226406097,Happiness
ysoK6qc1xpNxm,/home/jecroisp/Thesis/processed_data/TestingData/downLoadedGifs/ysoK6qc1xpNxm.gif,Scared Who Framed Roger Rabbit GIF,a cartoon character in a red dress and a white rabbit,amusement,0.2767292857170105,Happiness
asLOZFUdcYsfK,/home/jecroisp/Thesis/processed_data/TestingData/downLoadedGifs/asLOZFUdcYsfK.gif,Howard The Duck 80S GIF,a white cat with a pink shirt,amusement,0.0944721698760986,Happiness
1310XHyc6yC6ju,/home/jecroisp/Thesis/processed_data/TestingData/downLoadedGifs/1310XHyc6yC6ju.gif,Neverending Story Wink GIF,a stuffed animal laying on a floor,embarrassment,0.0851961225271225,Sadness
k90nbKSCPUfra,/home/jecroisp/Thesis/processed_data/TestingData/downLoadedGifs/k90nbKSCPUfra.gif,classic west side story GIF,a woman in a purple dress,curiosity,0.1215875744819641,Neutral
jPJz9s6VAqLLi,/home/jecroisp/Thesis/processed_data/TestingData/downLoadedGifs/jPJz9s6VAqLLi.gif,Happy Chris Farley GIF,a man in a life vest,realization,0.1162831932306289,Neutral
qUrOyBLlXGwXS,/home/jecroisp/Thesis/processed_data/TestingData/downLoadedGifs/qUrOyBLlXGwXS.gif,Jennifer Lawrence Film GIF by Mic,a woman with long blonde hair and a white shirt,desire,0.1270742267370224,Neutral
cuRKusHF9CfLK9ERCb,/home/jecroisp/Thesis/processed_data/TestingData/downLoadedGifs/cuRKusHF9CfLK9ERCb.gif,Tom Cruise Stunt GIF by Mission: Impossible,a man in a suit and sunglasses is holding a gun,anger,0.1143976673483848,Anger
olzqYUAaUowBa,/home/jecroisp/Thesis/processed_data/TestingData/downLoadedGifs/olzqYUAaUowBa.gif,Scared The Road To El Dorado GIF,the princess and the prince,caring,0.1002533957362175,Neutral
FcLy8GpsFyUog,/home/jecroisp/Thesis/processed_data/TestingData/downLoadedGifs/FcLy8GpsFyUog.gif,Fred Astaire GIF by Maudit,a man in a suit is dancing in a living room,excitement,0.2084766626358032,Happiness
j5QcmXoFWl4Q0,/home/jecroisp/Thesis/processed_data/TestingData/downLoadedGifs/j5QcmXoFWl4Q0.gif,Keanu Reeves Reaction GIF,a man with a smile,joy,0.1848870366811752,Happiness
xTiTnB3a61IMwShHmE,/home/jecroisp/Thesis/processed_data/TestingData/downLoadedGifs/xTiTnB3a61IMwShHmE.gif,Oh No Omg GIF,a woman in a dress and gloves standing in a room,realization,0.0999944806098938,Neutral
oXcOeuhsXlOSrSHMPw,/home/jecroisp/Thesis/processed_data/TestingData/downLoadedGifs/oXcOeuhsXlOSrSHMPw.gif,Aidy Bryant Hollywood GIF by Film Independent Spirit Awards,a woman in a black dress standing on a stage,curiosity,0.1111592873930931,Neutral
GY5xMevFOGi1a,/home/jecroisp/Thesis/processed_data/TestingData/downLoadedGifs/GY5xMevFOGi1a.gif,Rudolph The Red Nosed Reindeer Christmas GIF,a man is standing in a room with a bunch of presents,surprise,0.1489316374063491,Neutral
d8A7MUMOydhhC,/home/jecroisp/Thesis/processed_data/TestingData/downLoadedGifs/d8A7MUMOydhhC.gif,Elizabeth Taylor Congrats On Your Face Congrats One Everythin GIF by Maudit,a black and white photo of a woman,curiosity,0.1253064274787902,Neutral
FvgJBCT7mKTKM,/home/jecroisp/Thesis/processed_data/TestingData/downLoadedGifs/FvgJBCT7mKTKM.gif,Angry Djimon Hounsou GIF,a man is walking down a hill,curiosity,0.0861415490508079,Neutral
HFyDr6tKVe90Y,/home/jecroisp/Thesis/processed_data/TestingData/downLoadedGifs/HFyDr6tKVe90Y.gif,Ethan Embry Dancing GIF,a man in a red suit,realization,0.1103979349136352,Neutral
9Cj0oZUR3VslO,/home/jecroisp/Thesis/processed_data/TestingData/downLoadedGifs/9Cj0oZUR3VslO.gif,Star Wars Episode 6 GIF,a woman with a hoodie and a man with a hoodie,confusion,0.125587522983551,Neutral
bl2FKRXQaFgf6,/home/jecroisp/Thesis/processed_data/TestingData/downLoadedGifs/bl2FKRXQaFgf6.gif,serious django unchained GIF,a man standing in a doorway with a candle,surprise,0.1231259331107139,Neutral
jGtZbC0thruow,/home/jecroisp/Thesis/processed_data/TestingData/downLoadedGifs/jGtZbC0thruow.gif,King Kong Film GIF by hoppip,a man is flying over a city,excitement,0.1927628070116043,Happiness
PpCyq0bsGhERO,/home/jecroisp/Thesis/processed_data/TestingData/downLoadedGifs/PpCyq0bsGhERO.gif,mean girls whatever GIF,a girl with a pink shirt and a pink shirt,desire,0.1030297800898552,Neutral
Hi2zvNbyWsFaM,/home/jecroisp/Thesis/processed_data/TestingData/downLoadedGifs/Hi2zvNbyWsFaM.gif,Romeo And Juliet Crying GIF,a man in a floral shirt is sitting on a couch,curiosity,0.110127754509449,Neutral
4Ra6jnDDOVdNS,/home/jecroisp/Thesis/processed_data/TestingData/downLoadedGifs/4Ra6jnDDOVdNS.gif,The Breakfast Club Smoking GIF,a woman sitting on a chair,realization,0.1058269217610359,Neutral
x755LoyTt9dUk,/home/jecroisp/Thesis/processed_data/TestingData/downLoadedGifs/x755LoyTt9dUk.gif,Now Playing Movie Theater GIF by Film at Lincoln Center,a man standing in front of a building,realization,0.1032868921756744,Neutral
13S1lWb5qheNBC,/home/jecroisp/Thesis/processed_data/TestingData/downLoadedGifs/13S1lWb5qheNBC.gif,Leonardo Dicaprio Dreaming GIF,a black object on a table,annoyance,0.090942233800888,Anger
l0Ex3ijvSsICmvOLK,/home/jecroisp/Thesis/processed_data/TestingData/downLoadedGifs/l0Ex3ijvSsICmvOLK.gif,Jack Lemmon Film GIF by The Academy Awards,a man in a tuxed tuxed tuxed tuxed tuxed tuxed tuxed tuxed,realization,0.1220474019646644,Neutral
nLD20OgpndiEw,/home/jecroisp/Thesis/processed_data/TestingData/downLoadedGifs/nLD20OgpndiEw.gif,Sunset Boulevard Smoking GIF,a black and white photo of a man in a suit,curiosity,0.1494344770908355,Neutral
3uVDKeNFhgksU,/home/jecroisp/Thesis/processed_data/TestingData/downLoadedGifs/3uVDKeNFhgksU.gif,the royal tenenbaums thank you GIF,two young boys looking through a chain link fence,curiosity,0.123390145599842,Neutral
f8oqjTlp0PdMA,/home/jecroisp/Thesis/processed_data/TestingData/downLoadedGifs/f8oqjTlp0PdMA.gif,Arnold Schwarzenegger Shut Up GIF,a man in a suit and tie is talking,excitement,0.1146058589220047,Happiness
rbmQ6CRJERE3K,/home/jecroisp/Thesis/processed_data/TestingData/downLoadedGifs/rbmQ6CRJERE3K.gif,The Fifth Element GIF,a woman with red hair,realization,0.0997767075896263,Neutral
12KlG0o01FZNQs,/home/jecroisp/Thesis/processed_data/TestingData/downLoadedGifs/12KlG0o01FZNQs.gif,Sad Michael Fassbender GIF by The Good Films,a man standing in the rain,surprise,0.0979364141821861,Neutral
3oKHW5HcygwWE8XgHK,/home/jecroisp/Thesis/processed_data/TestingData/downLoadedGifs/3oKHW5HcygwWE8XgHK.gif,the sandlot kiss GIF,a man with no shirt,disapproval,0.1613719314336776,Anger
WY3dCO9TlqwaQ,/home/jecroisp/Thesis/processed_data/TestingData/downLoadedGifs/WY3dCO9TlqwaQ.gif,Kerry Washington Films GIF,a woman with short hair and a white dress,curiosity,0.0955031961202621,Neutral
u7uiWWbRFC2TC,/home/jecroisp/Thesis/processed_data/TestingData/downLoadedGifs/u7uiWWbRFC2TC.gif,Scarlett Johansson Movie GIF,a woman with a surprised expression,surprise,0.6195207834243774,Neutral
HY2d8hQZMbMju,/home/jecroisp/Thesis/processed_data/TestingData/downLoadedGifs/HY2d8hQZMbMju.gif,debbie reynolds film GIF,a woman with blonde hair and a brown jacket,desire,0.1218057349324226,Neutral
smGtEdVjeQysg,/home/jecroisp/Thesis/processed_data/TestingData/downLoadedGifs/smGtEdVjeQysg.gif,Back To The Future Nike GIF,a man sitting in a car,realization,0.0932447463274002,Neutral
RYfRxW6qGOQN2,/home/jecroisp/Thesis/processed_data/TestingData/downLoadedGifs/RYfRxW6qGOQN2.gif,Disappointed Movie Theater GIF,a cartoon movie with a dog in the middle,amusement,0.4716507792472839,Happiness
KjWWOh4lbhrva,/home/jecroisp/Thesis/processed_data/TestingData/downLoadedGifs/KjWWOh4lbhrva.gif,Aishwarya Rai Bollywood GIF,a woman in a red sari with a green leaf in her mouth,curiosity,0.0773260742425918,Neutral
SNf8OSoSlDIm0yrYxy,/home/jecroisp/Thesis/processed_data/TestingData/downLoadedGifs/SNf8OSoSlDIm0yrYxy.gif,Joanna Hogg Film GIF,a woman sitting at a table,realization,0.1102885529398918,Neutral
O11Sc36BqMyVG,/home/jecroisp/Thesis/processed_data/TestingData/downLoadedGifs/O11Sc36BqMyVG.gif,studio ghibli GIF,a woman in a white dress is walking down a street,confusion,0.1152931749820709,Neutral
26tPtM8Arb1nyc1i0,/home/jecroisp/Thesis/processed_data/TestingData/downLoadedGifs/26tPtM8Arb1nyc1i0.gif,Macaulay Culkin Oops GIF by Home Alone,a man in a bathroom with a red lipstick on his face,embarrassment,0.1482927799224853,Sadness
XADqhTKtqg06c,/home/jecroisp/Thesis/processed_data/TestingData/downLoadedGifs/XADqhTKtqg06c.gif,A Trip To The Moon Movie GIF by Tech Noir,a bottle of beer,relief,0.0934666246175766,Happiness
26tPtM8Arb1nyc1i0,/home/jecroisp/Thesis/processed_data/TestingData/downLoadedGifs/26tPtM8Arb1nyc1i0.gif,Macaulay Culkin Oops GIF by Home Alone,a man in a bathroom with a red lipstick on his face,embarrassment,0.1482927799224853,Sadness
aBcsaAYpBEtLW,/home/jecroisp/Thesis/processed_data/TestingData/downLoadedGifs/aBcsaAYpBEtLW.gif,Serious James Bond GIF,a man in a suit holding a gun,anger,0.1261245906352996,Anger
2lZOHXYYWQTtu,/home/jecroisp/Thesis/processed_data/TestingData/downLoadedGifs/2lZOHXYYWQTtu.gif,bored al pacino GIF,a man sitting in the grass,curiosity,0.0870602428913116,Neutral
10KL1QSQNsyEZa,/home/jecroisp/Thesis/processed_data/TestingData/downLoadedGifs/10KL1QSQNsyEZa.gif,Paul Walker GIF by Furious 7,a man driving a car,realization,0.1354491263628006,Neutral
MNCeuUJfRykxi,/home/jecroisp/Thesis/processed_data/TestingData/downLoadedGifs/MNCeuUJfRykxi.gif,Yelling The Mummy GIF,a man and woman standing in front of a wall,confusion,0.0889524593949318,Neutral
A2W1Qq8pGpm3S,/home/jecroisp/Thesis/processed_data/TestingData/downLoadedGifs/A2W1Qq8pGpm3S.gif,Arnold Schwarzenegger Film GIF by Tech Noir,a man holding a knife in his hand,anger,0.195350781083107,Anger
G619lXOyFZb5S,/home/jecroisp/Thesis/processed_data/TestingData/downLoadedGifs/G619lXOyFZb5S.gif,Logan Lerman No GIF,a woman with long hair,realization,0.1246929541230201,Neutral
kVRBvsiOyBM8o,/home/jecroisp/Thesis/processed_data/TestingData/downLoadedGifs/kVRBvsiOyBM8o.gif,Eddie Murphy Smile GIF,two men sitting at a table with a cake,curiosity,0.1016814187169075,Neutral
CvGa6hlslCiXC3wf9r,/home/jecroisp/Thesis/processed_data/TestingData/downLoadedGifs/CvGa6hlslCiXC3wf9r.gif,Oprah Cinephile GIF by Golden Globes,a woman in a purple dress,curiosity,0.1215875744819641,Neutral
qDhXlK4FnpSDK,/home/jecroisp/Thesis/processed_data/TestingData/downLoadedGifs/qDhXlK4FnpSDK.gif,White Chicks Burn GIF,the carries - - - - - - - - - - - - - - - - -,confusion,0.0748823657631874,Neutral
kB2uyoigIXPMI,/home/jecroisp/Thesis/processed_data/TestingData/downLoadedGifs/kB2uyoigIXPMI.gif,star wars GIF,yo yo yo yo yo yo yo yo yo yo yo yo yo yo yo yo yo yo yo yo,excitement,0.1731808334589004,Happiness
XJF0h4EHscwHm,/home/jecroisp/Thesis/processed_data/TestingData/downLoadedGifs/XJF0h4EHscwHm.gif,Ignore The Breakfast Club GIF,a man in a denim jacket and a white shirt,desire,0.13377545773983,Neutral
WrKkFqdpoOUBq,/home/jecroisp/Thesis/processed_data/TestingData/downLoadedGifs/WrKkFqdpoOUBq.gif,Tim Burton 80S GIF,a man in a suit with a gun,anger,0.1099035367369651,Anger
NN9YQXuUlhh84,/home/jecroisp/Thesis/processed_data/TestingData/downLoadedGifs/NN9YQXuUlhh84.gif,reese witherspoon film GIF,a woman is smiling while a man is holding a fron,amusement,0.1459979712963104,Happiness
Tbpc95JLaz4LC,/home/jecroisp/Thesis/processed_data/TestingData/downLoadedGifs/Tbpc95JLaz4LC.gif,Angry Jingle All The Way GIF,a man in a blue coat and hat walking down a hallway,curiosity,0.1187642514705658,Neutral
1zd2LUEk9DrvW,/home/jecroisp/Thesis/processed_data/TestingData/downLoadedGifs/1zd2LUEk9DrvW.gif,Robin Hood Goatee GIF,a man in a green hat and brown jacket,desire,0.1058146208524704,Neutral
DKiI2927B1xFC,/home/jecroisp/Thesis/processed_data/TestingData/downLoadedGifs/DKiI2927B1xFC.gif,Christina Vidal Disney GIF,a woman with a cigarette in her mouth,disapproval,0.1234070807695388,Anger
8hvb1Ok0hJ2OQ,/home/jecroisp/Thesis/processed_data/TestingData/downLoadedGifs/8hvb1Ok0hJ2OQ.gif,psycho jurassic park GIF,a woman driving a car with a man behind her,realization,0.092540331184864,Neutral
D6zTH34ZKARTW,/home/jecroisp/Thesis/processed_data/TestingData/downLoadedGifs/D6zTH34ZKARTW.gif,brad pitt vampires GIF,two men in a room with a quote on the wall,annoyance,0.0978540182113647,Anger
9RsqYphkRclz2,/home/jecroisp/Thesis/processed_data/TestingData/downLoadedGifs/9RsqYphkRclz2.gif,Moonrise Kingdom Dancing GIF,two girls standing on the beach,curiosity,0.1257562339305877,Neutral
10ExQg4YwG1p8k,/home/jecroisp/Thesis/processed_data/TestingData/downLoadedGifs/10ExQg4YwG1p8k.gif,Snow White Film GIF,a blue apple hanging from a hook,curiosity,0.1101282611489296,Neutral
brjJHcjSkifte,/home/jecroisp/Thesis/processed_data/TestingData/downLoadedGifs/brjJHcjSkifte.gif,in space ship happy dance GIF,a woman in a white dress standing in front of a planet,realization,0.0973515138030052,Neutral
j2D2fnqcQquzu,/home/jecroisp/Thesis/processed_data/TestingData/downLoadedGifs/j2D2fnqcQquzu.gif,The Breakfast Club 80S GIF by HuffPost,a woman with a black jacket and a black shirt,desire,0.113449789583683,Neutral
hC7hhvggNdbMc,/home/jecroisp/Thesis/processed_data/TestingData/downLoadedGifs/hC7hhvggNdbMc.gif,Happy Good Burger GIF,a woman in a striped shirt and a hat holding a hamburger,curiosity,0.1300985962152481,Neutral
ZNzFSd6F427bG,/home/jecroisp/Thesis/processed_data/TestingData/downLoadedGifs/ZNzFSd6F427bG.gif,sexy marilyn monroe GIF,a woman in a pink dress,curiosity,0.123570792376995,Neutral
WYVHeDgRR2o24,/home/jecroisp/Thesis/processed_data/TestingData/downLoadedGifs/WYVHeDgRR2o24.gif,Mel Brooks GIF,a man sitting on a chair in front of a blackboard,annoyance,0.1107605472207069,Anger
G2UovGbsa17Fu,/home/jecroisp/Thesis/processed_data/TestingData/downLoadedGifs/G2UovGbsa17Fu.gif,Top Hat Fancy GIF,a man and woman dancing in a courtyard,excitement,0.1555514633655548,Happiness
4pb05K5LtdRXq,/home/jecroisp/Thesis/processed_data/TestingData/downLoadedGifs/4pb05K5LtdRXq.gif,Star Trek Sea GIF,a man in a red shirt standing in front of a computer,curiosity,0.0997383221983909,Neutral
fvtmoJ7S6GzRe,/home/jecroisp/Thesis/processed_data/TestingData/downLoadedGifs/fvtmoJ7S6GzRe.gif,Frustrated Body GIF,a man in a suit,realization,0.1139245331287384,Neutral
110G1vtyxUJ4go,/home/jecroisp/Thesis/processed_data/TestingData/downLoadedGifs/110G1vtyxUJ4go.gif,Coming Soon Love GIF,a man and woman are looking at each other people,realization,0.1368264406919479,Neutral
10nQVrNmo9klUI,/home/jecroisp/Thesis/processed_data/TestingData/downLoadedGifs/10nQVrNmo9klUI.gif,Movie Star GIF,a man in a suit with a sword,excitement,0.1048763617873191,Happiness
11Uo8lZPWnkq3e,/home/jecroisp/Thesis/processed_data/TestingData/downLoadedGifs/11Uo8lZPWnkq3e.gif,Moonrise Kingdom Beach GIF,a couple of suitcases sitting on a beach,curiosity,0.117454670369625,Neutral
aF1N95HefyANO,/home/jecroisp/Thesis/processed_data/TestingData/downLoadedGifs/aF1N95HefyANO.gif,Willy Wonka Singing GIF,a room with a mirror and a mirror in it,realization,0.0987332388758659,Neutral
3oEduMcvxTNPlGuhH2,/home/jecroisp/Thesis/processed_data/TestingData/downLoadedGifs/3oEduMcvxTNPlGuhH2.gif,Hungry Disney GIF by The Good Dinosaur,a green bird is perched on a tree branch,curiosity,0.1014204248785972,Neutral
SHppUTMNewZwc,/home/jecroisp/Thesis/processed_data/TestingData/downLoadedGifs/SHppUTMNewZwc.gif,Star Wars No GIF,a man in a dark room with a light coming from the ceiling,surprise,0.1135316044092178,Neutral
rHVbvmCFpuvmM,/home/jecroisp/Thesis/processed_data/TestingData/downLoadedGifs/rHVbvmCFpuvmM.gif,Jurassic Park Dinosaurs GIF by Digg,two men in a forest,curiosity,0.0793567672371864,Neutral
1iW2iFjGi8Mu7yfK,/home/jecroisp/Thesis/processed_data/TestingData/downLoadedGifs/1iW2iFjGi8Mu7yfK.gif,bob hope art GIF by The Academy Awards,a man in a tuxed tuxed tuxed tuxed tuxed tuxed tuxed tuxed,realization,0.1220474019646644,Neutral
Bz4tJnw3uep8s,/home/jecroisp/Thesis/processed_data/TestingData/downLoadedGifs/Bz4tJnw3uep8s.gif,Johnny Depp Love GIF,a man in a car,realization,0.1151879802346229,Neutral
T3VllkrxQ1JXG,/home/jecroisp/Thesis/processed_data/TestingData/downLoadedGifs/T3VllkrxQ1JXG.gif,Suspicious Jeanne Moreau GIF,a man in sunglasses and a black shirt,desire,0.1160162910819053,Neutral
PpgBsb0Jfntio,/home/jecroisp/Thesis/processed_data/TestingData/downLoadedGifs/PpgBsb0Jfntio.gif,Nervous Jeanne Moreau GIF,a woman in a black dress and a man in a suit,curiosity,0.1115107163786888,Neutral
3o85xAymITsLwO0nIs,/home/jecroisp/Thesis/processed_data/TestingData/downLoadedGifs/3o85xAymITsLwO0nIs.gif,Looking Quentin Tarantino GIF,a man walking in a room with a clock,confusion,0.1173512116074562,Neutral
3LziqePgaY4uI,/home/jecroisp/Thesis/processed_data/TestingData/downLoadedGifs/3LziqePgaY4uI.gif,sitting randal kleiser GIF,a woman sitting on a couch with a pink wig,curiosity,0.1157739087939262,Neutral
l0O9xMYfZF67bjIcM,/home/jecroisp/Thesis/processed_data/TestingData/downLoadedGifs/l0O9xMYfZF67bjIcM.gif,Scared Jurassic World GIF,a boy and a girl sitting on a bus,curiosity,0.0870907977223396,Neutral
sgWHkkjwcnKes,/home/jecroisp/Thesis/processed_data/TestingData/downLoadedGifs/sgWHkkjwcnKes.gif,Star Wars Film GIF,a group of people standing around a fire,excitement,0.1259800493717193,Happiness
TKrjl5inUPYoU,/home/jecroisp/Thesis/processed_data/TestingData/downLoadedGifs/TKrjl5inUPYoU.gif,Animated GIF,a man with a hat and a baseball cap,curiosity,0.1031792163848877,Neutral
PtUUcXERWXEYM,/home/jecroisp/Thesis/processed_data/TestingData/downLoadedGifs/PtUUcXERWXEYM.gif,toy story 3 applause GIF,a toy figure of a man,amusement,0.1430144160985946,Happiness
b9aScKLxdv0Y0,/home/jecroisp/Thesis/processed_data/TestingData/downLoadedGifs/b9aScKLxdv0Y0.gif,Orson Welles Reaction GIF,a man with a cigarette in his mouth,anger,0.1306993663311004,Anger
XRWPkTfSZg9oY,/home/jecroisp/Thesis/processed_data/TestingData/downLoadedGifs/XRWPkTfSZg9oY.gif,Jimmy Stewart Babe GIF,a man in a hat and coat smoking a cigarette,curiosity,0.1209616065025329,Neutral
J5mnrjmGTpdL2,/home/jecroisp/Thesis/processed_data/TestingData/downLoadedGifs/J5mnrjmGTpdL2.gif,Cary Grant Cinema GIF,a man in a suit and tie standing next to another man in a suit,curiosity,0.0952616184949874,Neutral
Xxd0GjmiHOzvi,/home/jecroisp/Thesis/processed_data/TestingData/downLoadedGifs/Xxd0GjmiHOzvi.gif,Vin Diesel Action GIF by Furious 7,a large building with a lot of stairs,realization,0.0970367416739463,Neutral
l41lX21w8cZu7Nqpy,/home/jecroisp/Thesis/processed_data/TestingData/downLoadedGifs/l41lX21w8cZu7Nqpy.gif,Disney Cross Eyed GIF by The Good Dinosaur,a green dinosaur with a big nose,surprise,0.102636843919754,Neutral
3rEi755PzPwqY,/home/jecroisp/Thesis/processed_data/TestingData/downLoadedGifs/3rEi755PzPwqY.gif,Jurassic Park Dinosaurs GIF by Digg,a group of oshes on a road,annoyance,0.0911451503634452,Anger
avbafjL1jRiFy,/home/jecroisp/Thesis/processed_data/TestingData/downLoadedGifs/avbafjL1jRiFy.gif,Confused Jim Carrey GIF,a man in a shirt holding a box of food,surprise,0.087179996073246,Neutral
zMIFs34GqnquI,/home/jecroisp/Thesis/processed_data/TestingData/downLoadedGifs/zMIFs34GqnquI.gif,Star Wars GIF,a view of a city from an airplane,curiosity,0.1342536807060241,Neutral
xTiTnmuDsR7NtN9XWw,/home/jecroisp/Thesis/processed_data/TestingData/downLoadedGifs/xTiTnmuDsR7NtN9XWw.gif,Spying Jurassic World GIF,a bird is sitting in the grass,curiosity,0.0905579030513763,Neutral
qqy8lV7Br6mx8C2qWd,/home/jecroisp/Thesis/processed_data/TestingData/downLoadedGifs/qqy8lV7Br6mx8C2qWd.gif,Kung Fu Wtf GIF by A24,a woman in a white dress,realization,0.1239324212074279,Neutral
3ornka9rAaKRA2Rkac,/home/jecroisp/Thesis/processed_data/TestingData/downLoadedGifs/3ornka9rAaKRA2Rkac.gif,Its A Trap GIF by Star Wars,a man in a white shirt,realization,0.1058001741766929,Neutral
pHb82xtBPfqEg,/home/jecroisp/Thesis/processed_data/TestingData/downLoadedGifs/pHb82xtBPfqEg.gif,Arnold Schwarzenegger Handshake GIF,a man in a white shirt,realization,0.1058001741766929,Neutral
10osILvZ4ez7ws,/home/jecroisp/Thesis/processed_data/TestingData/downLoadedGifs/10osILvZ4ez7ws.gif,Harry Potter Snape Always GIF,a man with long hair and a black coat,curiosity,0.0988868698477745,Neutral
g5zvwUa9720pO,/home/jecroisp/Thesis/processed_data/TestingData/downLoadedGifs/g5zvwUa9720pO.gif,Matthew Mcconaughey GIF,a man in a car,realization,0.1151879802346229,Neutral
yVZrYMkdgY5Pi,/home/jecroisp/Thesis/processed_data/TestingData/downLoadedGifs/yVZrYMkdgY5Pi.gif,Shirley Temple Giggle GIF,a young girl in a white dress smiles at the camera,excitement,0.1163787618279457,Happiness
14ghVSBbXb7Gco,/home/jecroisp/Thesis/processed_data/TestingData/downLoadedGifs/14ghVSBbXb7Gco.gif,talking young jeezy GIF,dont be hatin,disapproval,0.0974674969911575,Anger
14ceV8wMLIGO6Q,/home/jecroisp/Thesis/processed_data/TestingData/downLoadedGifs/14ceV8wMLIGO6Q.gif,boom smile GIF,a man with a beard,realization,0.1299326419830322,Neutral
hEwkspP1OllJK,/home/jecroisp/Thesis/processed_data/TestingData/downLoadedGifs/hEwkspP1OllJK.gif,the sandlot GIF,a man in uniform is holding a stick,realization,0.097510427236557,Neutral
Z5eFxoKjf218c,/home/jecroisp/Thesis/processed_data/TestingData/downLoadedGifs/Z5eFxoKjf218c.gif,come on chunk GIF,a young girl looking over a fence,curiosity,0.1237390413880348,Neutral
HFyBNSSlNwNKE,/home/jecroisp/Thesis/processed_data/TestingData/downLoadedGifs/HFyBNSSlNwNKE.gif,dead poets society GIF,a cat is walking on a table,annoyance,0.0840602293610572,Anger
CAxbo8KC2A0y4,/home/jecroisp/Thesis/processed_data/TestingData/downLoadedGifs/CAxbo8KC2A0y4.gif,Happy Pumped Up GIF by Universal Pictures Home Entertainment,a man in a car,realization,0.1151879802346229,Neutral
10uct1aSFT7QiY,/home/jecroisp/Thesis/processed_data/TestingData/downLoadedGifs/10uct1aSFT7QiY.gif,Surprised Nicolas Cage GIF,a man in a suit and tie with the words you don ' t say,confusion,0.1108292564749717,Neutral
RUUdVZqwpfTRS,/home/jecroisp/Thesis/processed_data/TestingData/downLoadedGifs/RUUdVZqwpfTRS.gif,star wars GIF,a dog with a black collar,realization,0.1458006799221038,Neutral
nbsIAR9Pc9wMBEshgC,/home/jecroisp/Thesis/processed_data/TestingData/downLoadedGifs/nbsIAR9Pc9wMBEshgC.gif,Pop Corn GIF by REYKON,a man holding a box of popcorn,amusement,0.1536255180835724,Happiness
XmiTYLQ5qXTqM,/home/jecroisp/Thesis/processed_data/TestingData/downLoadedGifs/XmiTYLQ5qXTqM.gif,Gay Hearts GIF,a man in a white outfit standing next to a woman,curiosity,0.0997537225484848,Neutral
hcsoflVVr8gYE,/home/jecroisp/Thesis/processed_data/TestingData/downLoadedGifs/hcsoflVVr8gYE.gif,Leaving French Cinema GIF,a bunch of balloons,amusement,0.1693861484527588,Happiness
GCvktC0KFy9l6,/home/jecroisp/Thesis/processed_data/TestingData/downLoadedGifs/GCvktC0KFy9l6.gif,Go Ahead Yes GIF,a cat sitting on a table with a glass of wine,amusement,0.1279424577951431,Happiness
l2JJKs3I69qfaQleE,/home/jecroisp/Thesis/processed_data/TestingData/downLoadedGifs/l2JJKs3I69qfaQleE.gif,Obi Wan Mind GIF by Star Wars,a man in a brown coat,realization,0.1097804754972457,Neutral
jeXiz1RAvzX44,/home/jecroisp/Thesis/processed_data/TestingData/downLoadedGifs/jeXiz1RAvzX44.gif,Dr Evil Whatever GIF,a man in a grey shirt sitting at a table,curiosity,0.0889353081583976,Neutral
UjBvt2DJobX7q,/home/jecroisp/Thesis/processed_data/TestingData/downLoadedGifs/UjBvt2DJobX7q.gif,Scared Peace Out GIF,a man with long hair and a pink shirt,desire,0.1166591197252273,Neutral
sR91D133W02D6,/home/jecroisp/Thesis/processed_data/TestingData/downLoadedGifs/sR91D133W02D6.gif,Child Smile GIF,a little girl looking up at a kite,excitement,0.1655981391668319,Happiness
nC1toglzIfNFC,/home/jecroisp/Thesis/processed_data/TestingData/downLoadedGifs/nC1toglzIfNFC.gif,Shocked Genie GIF,the cat and the mouse from the animated animated movie,amusement,0.2637299001216888,Happiness
ceK5e0DXc7Zh6,/home/jecroisp/Thesis/processed_data/TestingData/downLoadedGifs/ceK5e0DXc7Zh6.gif,Hang Loose Pauly Shore GIF,a man with long curly hair,realization,0.1149708852171897,Neutral
iMQ2kjkP8chaj02EjB,/home/jecroisp/Thesis/processed_data/TestingData/downLoadedGifs/iMQ2kjkP8chaj02EjB.gif,Confused What Happened GIF by Google,a man laying on the floor with a chicken in the background,curiosity,0.0926736444234848,Neutral
zVxeZHKKemqWs,/home/jecroisp/Thesis/processed_data/TestingData/downLoadedGifs/zVxeZHKKemqWs.gif,mac and me falling GIF,a man in a wheelchair,embarrassment,0.0976063907146453,Sadness
VH8QBcXLrfz1u,/home/jecroisp/Thesis/processed_data/TestingData/downLoadedGifs/VH8QBcXLrfz1u.gif,Cloudy With A Chance Of Meatballs Eating GIF,a woman sitting on a beach chair in a crowded area,curiosity,0.1088246703147888,Neutral
gdUVz1Z6jpMk0,/home/jecroisp/Thesis/processed_data/TestingData/downLoadedGifs/gdUVz1Z6jpMk0.gif,Bill Murray Film GIF by Hollywood Suite,a man holding a bird in his hand,curiosity,0.1030769124627113,Neutral
l0MYKFSWjNzFXL76o,/home/jecroisp/Thesis/processed_data/TestingData/downLoadedGifs/l0MYKFSWjNzFXL76o.gif,Las Vegas GIF by Legendary Entertainment,a man sitting in a convertible car with two men sitting in the back,curiosity,0.10628192871809,Neutral
CH0fzClj8QCDS,/home/jecroisp/Thesis/processed_data/TestingData/downLoadedGifs/CH0fzClj8QCDS.gif,Serious Biy GIF,a young boy reading a book in front of a lit candle,curiosity,0.1126556918025016,Neutral
FiBzv5FRE85PO,/home/jecroisp/Thesis/processed_data/TestingData/downLoadedGifs/FiBzv5FRE85PO.gif,Henry Cavill Superman GIF,a man in a black coat,realization,0.1132052317261695,Neutral
qGyNYdgDARies,/home/jecroisp/Thesis/processed_data/TestingData/downLoadedGifs/qGyNYdgDARies.gif,jim carrey love GIF,a man in a hat and a woman in a dress,realization,0.1096591427922248,Neutral
R6gvnAxj2ISzJdbA63,/home/jecroisp/Thesis/processed_data/TestingData/downLoadedGifs/R6gvnAxj2ISzJdbA63.gif,Happy I Love You GIF by Warner Bros. Deutschland,a man with long hair,realization,0.1220054551959037,Neutral
13ea4eXuOuQsmY,/home/jecroisp/Thesis/processed_data/TestingData/downLoadedGifs/13ea4eXuOuQsmY.gif,Scheming Area 51 GIF,a man with a large head and a large knife,realization,0.1074269860982894,Neutral
rHR8qP1mC5V3G,/home/jecroisp/Thesis/processed_data/TestingData/downLoadedGifs/rHR8qP1mC5V3G.gif,Star Wars Salute GIF,a man in a vest pointing at something,anger,0.1043197885155677,Anger
KJXClfNiq0vCM,/home/jecroisp/Thesis/processed_data/TestingData/downLoadedGifs/KJXClfNiq0vCM.gif,Mothers Day Mom GIF,a woman in a pink jacket and a man in a white shirt,desire,0.116576187312603,Neutral
T08JhumnpKAI8,/home/jecroisp/Thesis/processed_data/TestingData/downLoadedGifs/T08JhumnpKAI8.gif,Watching Arnold Schwarzenegger GIF,a man in a suit with a microphone,realization,0.0975743234157562,Neutral
9J8gnvAxmDFbG,/home/jecroisp/Thesis/processed_data/TestingData/downLoadedGifs/9J8gnvAxmDFbG.gif,Harrison Ford GIF,a man in a hat and a hat on a rock,excitement,0.1060096845030784,Happiness
d2qJhxeaaWXPG,/home/jecroisp/Thesis/processed_data/TestingData/downLoadedGifs/d2qJhxeaaWXPG.gif,Line Waiting GIF,a group of people sitting on a couch,curiosity,0.0979456081986427,Neutral
iYi1Ni72bS12,/home/jecroisp/Thesis/processed_data/TestingData/downLoadedGifs/iYi1Ni72bS12.gif,Whats Up Mexican GIF,a man in a blue shirt,realization,0.0946252420544624,Neutral
TUCGmddm9Kbny,/home/jecroisp/Thesis/processed_data/TestingData/downLoadedGifs/TUCGmddm9Kbny.gif,johnny depp ew GIF,a man with a pirate hat and a beard,curiosity,0.0930392742156982,Neutral
xsF1FSDbjguis,/home/jecroisp/Thesis/processed_data/TestingData/downLoadedGifs/xsF1FSDbjguis.gif,Back To The Future GIF,a clock with a yellow display,curiosity,0.1021124795079231,Neutral
2t9sDPrlvFpdK,/home/jecroisp/Thesis/processed_data/TestingData/downLoadedGifs/2t9sDPrlvFpdK.gif,salutes jack black GIF,a man in a black shirt,realization,0.0997313186526298,Neutral
8ef68WfQPpwVa,/home/jecroisp/Thesis/processed_data/TestingData/downLoadedGifs/8ef68WfQPpwVa.gif,Jim Carrey Deal With It GIF,a man is standing next to a car,curiosity,0.0872595980763435,Neutral
13aSSyJaI5NkTm,/home/jecroisp/Thesis/processed_data/TestingData/downLoadedGifs/13aSSyJaI5NkTm.gif,Jack Black Smile GIF,a man with a mustache and a blue shirt,desire,0.094323419034481,Neutral
phajKPhwNxHr2,/home/jecroisp/Thesis/processed_data/TestingData/downLoadedGifs/phajKPhwNxHr2.gif,Happy Gilmore Cinema Supremo GIF,a man in a gray shirt,realization,0.101693645119667,Neutral
Us9Ibqg4H0mTC,/home/jecroisp/Thesis/processed_data/TestingData/downLoadedGifs/Us9Ibqg4H0mTC.gif,happy grin GIF,a little girl standing in front of a doll house,curiosity,0.1026955991983413,Neutral
RfEbMBTPQ7MOY,/home/jecroisp/Thesis/processed_data/TestingData/downLoadedGifs/RfEbMBTPQ7MOY.gif,terminator GIF,a man in sunglasses looking out the window,curiosity,0.1635600924491882,Neutral
Il1dji926Y7qo,/home/jecroisp/Thesis/processed_data/TestingData/downLoadedGifs/Il1dji926Y7qo.gif,I Swear Promise GIF,a man with glasses and a jacket,realization,0.0832964777946472,Neutral
Yb3d5B1zwuhCo,/home/jecroisp/Thesis/processed_data/TestingData/downLoadedGifs/Yb3d5B1zwuhCo.gif,anchorman GIF,a group of men walking down a street,annoyance,0.1183485686779022,Anger
TejmLnMKgnmPInMQjV,/home/jecroisp/Thesis/processed_data/TestingData/downLoadedGifs/TejmLnMKgnmPInMQjV.gif,Kung Fu Wtf GIF by A24,a rock on the ground,curiosity,0.0709350407123565,Neutral
zhJ55GsXRajxm,/home/jecroisp/Thesis/processed_data/TestingData/downLoadedGifs/zhJ55GsXRajxm.gif,Laugh Laughing GIF,a dog is sitting on a chair in a theater,amusement,0.1020910516381263,Happiness
qr0FOwPgUk3Cw,/home/jecroisp/Thesis/processed_data/TestingData/downLoadedGifs/qr0FOwPgUk3Cw.gif,Will Ferrell GIF,two men in red shirts,realization,0.1063309013843536,Neutral
4FrEtm7JKksKc,/home/jecroisp/Thesis/processed_data/TestingData/downLoadedGifs/4FrEtm7JKksKc.gif,Pretty In Pink Tuxedo GIF,a man in a tuxed tuxed tuxed tuxed tuxed tuxed tuxed tuxed,realization,0.1220474019646644,Neutral
cd87BccyY3Ecg,/home/jecroisp/Thesis/processed_data/TestingData/downLoadedGifs/cd87BccyY3Ecg.gif,waynes world headbang GIF,"the cast of the movie ' s ' friends, ' in a car",excitement,0.0944961681962013,Happiness
39fj7g99qyD72,/home/jecroisp/Thesis/processed_data/TestingData/downLoadedGifs/39fj7g99qyD72.gif,Singing In The Rain Dancing GIF,a man in a suit and tie walking through a flooded street,surprise,0.1272746473550796,Neutral
5ZUpMAtxpo0NO,/home/jecroisp/Thesis/processed_data/TestingData/downLoadedGifs/5ZUpMAtxpo0NO.gif,Chris Farley Cinema Supremo GIF,a man in a suit and tie is standing in front of a window,curiosity,0.1184139773249626,Neutral
5fOiRnJOUnTMY,/home/jecroisp/Thesis/processed_data/TestingData/downLoadedGifs/5fOiRnJOUnTMY.gif,Disturbing The Ring GIF,a person walking in a room with a dog,realization,0.0910526067018508,Neutral
c8RrC4dCLScNO,/home/jecroisp/Thesis/processed_data/TestingData/downLoadedGifs/c8RrC4dCLScNO.gif,scary movie GIF,a man in a suit and tie is standing on a brick wall,curiosity,0.0882719829678535,Neutral
lKZEeXJGhU1d6,/home/jecroisp/Thesis/processed_data/TestingData/downLoadedGifs/lKZEeXJGhU1d6.gif,Scared Freak Out GIF,two minions minions minions minions minions minions minions minions minions minions minions minions minions minions minions minions minions minions minions,confusion,0.1099804416298866,Neutral
qvhtVUPpZQgAU,/home/jecroisp/Thesis/processed_data/TestingData/downLoadedGifs/qvhtVUPpZQgAU.gif,willy wonka and the chocolate factory dancing GIF,a group of people sitting in a room,realization,0.1009631678462028,Neutral
oVL1n7Yxs538c,/home/jecroisp/Thesis/processed_data/TestingData/downLoadedGifs/oVL1n7Yxs538c.gif,Animated GIF,a man is standing in a window with a green shirt,curiosity,0.1168950796127319,Neutral
knVLsGuizHcMo,/home/jecroisp/Thesis/processed_data/TestingData/downLoadedGifs/knVLsGuizHcMo.gif,Art Film GIF by hoppip,a man in a black robe standing in a doorway,surprise,0.1084039062261581,Neutral
vIwN3gm2oGrpm,/home/jecroisp/Thesis/processed_data/TestingData/downLoadedGifs/vIwN3gm2oGrpm.gif,Joseph Gordon Levitt Angels GIF,a baseball player is standing on the dug,curiosity,0.1112712323665618,Neutral
dhCx7EyeGYD7O,/home/jecroisp/Thesis/processed_data/TestingData/downLoadedGifs/dhCx7EyeGYD7O.gif,Nicolas Cage Wink GIF,a man with long hair and a blue tank top,desire,0.1322799623012542,Neutral
keaxYUhihiYPS,/home/jecroisp/Thesis/processed_data/TestingData/downLoadedGifs/keaxYUhihiYPS.gif,Angry Paul Rudd GIF,a man and woman sitting at a table,realization,0.1133037582039833,Neutral
bPdI2MXEbnDUs,/home/jecroisp/Thesis/processed_data/TestingData/downLoadedGifs/bPdI2MXEbnDUs.gif,Dumb And Dumber Crying GIF,a woman in a bathrobe,curiosity,0.0919384509325027,Neutral
gbDsm8Hn7aIuc,/home/jecroisp/Thesis/processed_data/TestingData/downLoadedGifs/gbDsm8Hn7aIuc.gif,Black And White Love GIF,a person holding a piece of paper in their hand,caring,0.1061552092432975,Neutral
XDGcdXhDrofJe,/home/jecroisp/Thesis/processed_data/TestingData/downLoadedGifs/XDGcdXhDrofJe.gif,Charlie Sheen Baseball GIF by Comedy Central,a man holding a baseball bat on a field,curiosity,0.1185562536120414,Neutral
bC54CmvT2XC9i,/home/jecroisp/Thesis/processed_data/TestingData/downLoadedGifs/bC54CmvT2XC9i.gif,Adam Sandler Golf GIF,a group of people standing in a field,realization,0.109266959130764,Neutral
13kZCZHYwlpues,/home/jecroisp/Thesis/processed_data/TestingData/downLoadedGifs/13kZCZHYwlpues.gif,emma roberts tongue out GIF,a woman with long hair and a black shirt,desire,0.1160862371325492,Neutral
IXm7jqCjf1G9y,/home/jecroisp/Thesis/processed_data/TestingData/downLoadedGifs/IXm7jqCjf1G9y.gif,braveheart GIF,the walking dead season 3 episode 3,disgust,0.1049322560429573,Disgust
9YtQ1PRAsCpUY,/home/jecroisp/Thesis/processed_data/TestingData/downLoadedGifs/9YtQ1PRAsCpUY.gif,Alicia Silverstone Flirt GIF,a woman in a white dress eating a piece of cake,curiosity,0.0895291715860366,Neutral
p092OM3vVCXII,/home/jecroisp/Thesis/processed_data/TestingData/downLoadedGifs/p092OM3vVCXII.gif,im so old home alone GIF,a woman with a red nose and a black nose,realization,0.1012636050581932,Neutral
tEsPVINETtZpS,/home/jecroisp/Thesis/processed_data/TestingData/downLoadedGifs/tEsPVINETtZpS.gif,back to the future GIF,a man with a microphone and a quote on it,curiosity,0.0938757583498954,Neutral
c5av6uHZRy0vu,/home/jecroisp/Thesis/processed_data/TestingData/downLoadedGifs/c5av6uHZRy0vu.gif,waynes world GIF,a group of people standing around a table,curiosity,0.0940731167793273,Neutral
12t9qSvUj3cdbO,/home/jecroisp/Thesis/processed_data/TestingData/downLoadedGifs/12t9qSvUj3cdbO.gif,Dance Movie GIF by Hollywood Suite,a woman in a dance class,realization,0.1153919771313667,Neutral
zzoDrOX7SVRE4,/home/jecroisp/Thesis/processed_data/TestingData/downLoadedGifs/zzoDrOX7SVRE4.gif,the lord of the rings adventure GIF,"a black and white image with the words all shalle, and des",realization,0.0907977074384689,Neutral
qyxyGxszt6LXW,/home/jecroisp/Thesis/processed_data/TestingData/downLoadedGifs/qyxyGxszt6LXW.gif,forrest gump 90s GIF,a man and a little girl sitting on a bus,confusion,0.0871945098042488,Neutral
101DNxoBTatF16,/home/jecroisp/Thesis/processed_data/TestingData/downLoadedGifs/101DNxoBTatF16.gif,How Are You Doing Whats Up GIF,a person in a mask sitting at a table,embarrassment,0.1579702049493789,Sadness
3o7rc0qU6m5hneMsuc,/home/jecroisp/Thesis/processed_data/TestingData/downLoadedGifs/3o7rc0qU6m5hneMsuc.gif,National Popcorn Day GIF by Angry Birds,a couple of birds sitting in a movie theater,amusement,0.1915850937366485,Happiness
dFf0MERFSuocE,/home/jecroisp/Thesis/processed_data/TestingData/downLoadedGifs/dFf0MERFSuocE.gif,Jon Lovitz Creeper GIF,a man in a black shirt,realization,0.0997313186526298,Neutral
p55iGp1XppSv4WiV2y,/home/jecroisp/Thesis/processed_data/TestingData/downLoadedGifs/p55iGp1XppSv4WiV2y.gif,Watching Ice Cream GIF by KETNIPZ,a cartoon character is watching a television,amusement,0.3143083453178406,Happiness
OgbPFB5AE3jW,/home/jecroisp/Thesis/processed_data/TestingData/downLoadedGifs/OgbPFB5AE3jW.gif,Waynes World No GIF,a man and woman are standing in a room,realization,0.1124324947595596,Neutral
1427cjQy7kiBS8,/home/jecroisp/Thesis/processed_data/TestingData/downLoadedGifs/1427cjQy7kiBS8.gif,Relaxed Couple GIF,a woman laying on a bed with a remote control,surprise,0.0775877758860588,Neutral
GGthjnMpLXu4o,/home/jecroisp/Thesis/processed_data/TestingData/downLoadedGifs/GGthjnMpLXu4o.gif,hattie mcdaniel GIF,a woman in a black and white dress is standing in front of a mirror,curiosity,0.1059728562831878,Neutral
kNTAHtqCfu6nm,/home/jecroisp/Thesis/processed_data/TestingData/downLoadedGifs/kNTAHtqCfu6nm.gif,Will Ferrell GIF,a man wearing a helmet,realization,0.1189668253064155,Neutral
OiNW0PypI1RaE,/home/jecroisp/Thesis/processed_data/TestingData/downLoadedGifs/OiNW0PypI1RaE.gif,Animated GIF,a man with a beard,realization,0.1299326419830322,Neutral
9aZ3Snou3bdlu,/home/jecroisp/Thesis/processed_data/TestingData/downLoadedGifs/9aZ3Snou3bdlu.gif,Awkward Jim Carrey GIF,a man in a car,realization,0.1151879802346229,Neutral
12PIT4DOj6Tgek,/home/jecroisp/Thesis/processed_data/TestingData/downLoadedGifs/12PIT4DOj6Tgek.gif,Happy Cracking Up GIF,a young girl in a white dress smiles at the camera,excitement,0.1163787618279457,Happiness
61nocPZboqCGI,/home/jecroisp/Thesis/processed_data/TestingData/downLoadedGifs/61nocPZboqCGI.gif,Ice Cream Hospital GIF,two men laying in bed,desire,0.0782257914543151,Neutral
yoJC2BlMMydcdBvgze,/home/jecroisp/Thesis/processed_data/TestingData/downLoadedGifs/yoJC2BlMMydcdBvgze.gif,im back john wick GIF,a man in a suit and tie is looking at the camera,curiosity,0.1432271003723144,Neutral
w8t89p4VBJytG,/home/jecroisp/Thesis/processed_data/TestingData/downLoadedGifs/w8t89p4VBJytG.gif,New York Film GIF,a pile of crushed chocolate,disappointment,0.1443045735359192,Sadness
7X1DWR8wFWzxS,/home/jecroisp/Thesis/processed_data/TestingData/downLoadedGifs/7X1DWR8wFWzxS.gif,star wars robot GIF,a scene of a star wars scene with a robot and a r2,curiosity,0.0954660177230835,Neutral
OUoK5YGI8oKmQ,/home/jecroisp/Thesis/processed_data/TestingData/downLoadedGifs/OUoK5YGI8oKmQ.gif,ben stiller shut up GIF,a man with a mustache,realization,0.154760405421257,Neutral
AUGqun7QALo0o,/home/jecroisp/Thesis/processed_data/TestingData/downLoadedGifs/AUGqun7QALo0o.gif,frozen GIF,elsa from frozen world,amusement,0.101123958826065,Happiness
13WVgB4UR7hK,/home/jecroisp/Thesis/processed_data/TestingData/downLoadedGifs/13WVgB4UR7hK.gif,shocked back to the future GIF,a man in a suit and tie,realization,0.1246705278754234,Neutral
hDFyKdd2XBqU,/home/jecroisp/Thesis/processed_data/TestingData/downLoadedGifs/hDFyKdd2XBqU.gif,alien high kick GIF,a statue of a man,realization,0.1039626076817512,Neutral
7mFmPxctsL6YU,/home/jecroisp/Thesis/processed_data/TestingData/downLoadedGifs/7mFmPxctsL6YU.gif,Angelina Jolie Disney GIF by Maleficent,maleficent maleficent maleficent maleficent maleficent maleficent malefi,realization,0.138191744685173,Neutral
2YQr5RmVZMj6g,/home/jecroisp/Thesis/processed_data/TestingData/downLoadedGifs/2YQr5RmVZMj6g.gif,sofia coppola grass GIF,a woman in a white dress walking through a field,curiosity,0.1439633965492248,Neutral
U3BWiPeOtxT2w,/home/jecroisp/Thesis/processed_data/TestingData/downLoadedGifs/U3BWiPeOtxT2w.gif,The Addams Family 90S GIF,a man with a bald head,realization,0.1200603619217872,Neutral
ubKUtThRLlly8,/home/jecroisp/Thesis/processed_data/TestingData/downLoadedGifs/ubKUtThRLlly8.gif,wizard of oz GIF,a woman walking a dog,realization,0.0907246246933937,Neutral
jN0ygssTH2hoI,/home/jecroisp/Thesis/processed_data/TestingData/downLoadedGifs/jN0ygssTH2hoI.gif,De Acuerdo Agree GIF,a man in a blue shirt,realization,0.0946252420544624,Neutral
l3vR94yj2b1nTDw1G,/home/jecroisp/Thesis/processed_data/TestingData/downLoadedGifs/l3vR94yj2b1nTDw1G.gif,Driving Las Vegas GIF by Legendary Entertainment,a man in a car with a dog in the back seat,realization,0.0931288599967956,Neutral
mCxZH1Bi9o2aY,/home/jecroisp/Thesis/processed_data/TestingData/downLoadedGifs/mCxZH1Bi9o2aY.gif,paul feig look GIF,a man in a black jacket,realization,0.10376488417387,Neutral
VgeGEVTdwzZao,/home/jecroisp/Thesis/processed_data/TestingData/downLoadedGifs/VgeGEVTdwzZao.gif,Teenage Mutant Ninja Turtles Reaction GIF,a group of people sitting around a table,curiosity,0.0993434712290763,Neutral
dDoW9Cl6dImMo,/home/jecroisp/Thesis/processed_data/TestingData/downLoadedGifs/dDoW9Cl6dImMo.gif,despicable me agnes GIF,a little girl with a red bow on her head,caring,0.0913233533501625,Neutral
10tQozotSMgnja,/home/jecroisp/Thesis/processed_data/TestingData/downLoadedGifs/10tQozotSMgnja.gif,problem child satan GIF,a little boy dressed as a red devil,disapproval,0.1467966735363006,Anger
WXHr5GaFi116g,/home/jecroisp/Thesis/processed_data/TestingData/downLoadedGifs/WXHr5GaFi116g.gif,titanic GIF,a woman sitting on a bench,curiosity,0.0920245796442031,Neutral
OUPyCjSwnMMlW,/home/jecroisp/Thesis/processed_data/TestingData/downLoadedGifs/OUPyCjSwnMMlW.gif,tom hanks 90s GIF,a man in a suit and tie is talking to another man,confusion,0.108819231390953,Neutral
inVTEIKYPeqR2,/home/jecroisp/Thesis/processed_data/TestingData/downLoadedGifs/inVTEIKYPeqR2.gif,star wars GIF,a man laying on a blue box with a white shirt,curiosity,0.08094172924757,Neutral
FmTesyMORvD9u,/home/jecroisp/Thesis/processed_data/TestingData/downLoadedGifs/FmTesyMORvD9u.gif,Want GIF,a woman in a black dress holding a gun,anger,0.14785036444664,Anger
4v9ZLihPewmNa,/home/jecroisp/Thesis/processed_data/TestingData/downLoadedGifs/4v9ZLihPewmNa.gif,arrested development Bluths GIF by Digg,a woman standing in a kitchen,realization,0.1125873997807502,Neutral
icuYWSF0OqvRu,/home/jecroisp/Thesis/processed_data/TestingData/downLoadedGifs/icuYWSF0OqvRu.gif,the eclipse moon GIF by hoppip,a black and white image of two people on a moon,curiosity,0.1636400073766708,Neutral
W8rUusbnN4FmU,/home/jecroisp/Thesis/processed_data/TestingData/downLoadedGifs/W8rUusbnN4FmU.gif,The Fifth Element Food GIF,a woman with red hair and a red wig,curiosity,0.1011853218078613,Neutral
5LACPAu24G37i,/home/jecroisp/Thesis/processed_data/TestingData/downLoadedGifs/5LACPAu24G37i.gif,Wesley Snipes Film GIF,a man in a suit and tie with a quote on it,curiosity,0.1018174663186073,Neutral
YPEpEDDFs7sEU,/home/jecroisp/Thesis/processed_data/TestingData/downLoadedGifs/YPEpEDDFs7sEU.gif,fuck my life fml GIF,a woman with red hair,realization,0.0997767075896263,Neutral
ebMqYaUqR3hrW,/home/jecroisp/Thesis/processed_data/TestingData/downLoadedGifs/ebMqYaUqR3hrW.gif,back to the future GIF,a man with a white hair,realization,0.1164288818836212,Neutral
oPmxYvyUGO6bK,/home/jecroisp/Thesis/processed_data/TestingData/downLoadedGifs/oPmxYvyUGO6bK.gif,frozen animation GIF,a snowman is standing in front of a snowman,curiosity,0.1013232916593551,Neutral
x609PysrX0lCE,/home/jecroisp/Thesis/processed_data/TestingData/downLoadedGifs/x609PysrX0lCE.gif,braveheart GIF,a man riding a horse,realization,0.1021227836608886,Neutral
6LxGaLrEdGNHi,/home/jecroisp/Thesis/processed_data/TestingData/downLoadedGifs/6LxGaLrEdGNHi.gif,Robin Hood Disney GIF,a fox in the woods with a bag,curiosity,0.1099163815379142,Neutral
10Sjw8diQ5BJrq,/home/jecroisp/Thesis/processed_data/TestingData/downLoadedGifs/10Sjw8diQ5BJrq.gif,frozen animation GIF,a frozen frozen frozen frozen frozen frozen frozen frozen frozen frozen frozen frozen frozen frozen frozen frozen frozen frozen frozen,realization,0.119445614516735,Neutral
KZocN3LfuqktW,/home/jecroisp/Thesis/processed_data/TestingData/downLoadedGifs/KZocN3LfuqktW.gif,star wars film GIF,yoo yo yo yo yo yo yo yo yo yo yo yo yo yo yo yo yo yo yo,excitement,0.2728995978832245,Happiness
OEl7x4fTPczEk,/home/jecroisp/Thesis/processed_data/TestingData/downLoadedGifs/OEl7x4fTPczEk.gif,julie andrews shrug GIF,a woman in a black dress,realization,0.1113847121596336,Neutral
HuRbUuSt2XXEY,/home/jecroisp/Thesis/processed_data/TestingData/downLoadedGifs/HuRbUuSt2XXEY.gif,Happy Waking Up GIF,a woman laying in bed,realization,0.0912185162305831,Neutral
uI8kvj4paUiLm,/home/jecroisp/Thesis/processed_data/TestingData/downLoadedGifs/uI8kvj4paUiLm.gif,deadpool GIF,a man in a red suit,realization,0.1103979349136352,Neutral
4UHVCPKYeWHYY,/home/jecroisp/Thesis/processed_data/TestingData/downLoadedGifs/4UHVCPKYeWHYY.gif,the sopranos hbo GIF,a man in a hawaiian shirt smoking a cigarette,curiosity,0.1339170038700103,Neutral
YDxzHaDMBsMW4,/home/jecroisp/Thesis/processed_data/TestingData/downLoadedGifs/YDxzHaDMBsMW4.gif,Tony Montana Scarface GIF,a man sitting on a chair with a woman standing behind him,realization,0.0829904004931449,Neutral
5jD7vcS2tecxO,/home/jecroisp/Thesis/processed_data/TestingData/downLoadedGifs/5jD7vcS2tecxO.gif,star wars GIF,a cat sitting on a table,amusement,0.0949523597955703,Happiness
2OgXMTOzqRxZu,/home/jecroisp/Thesis/processed_data/TestingData/downLoadedGifs/2OgXMTOzqRxZu.gif,back to the future GIF,a man with a red vest,realization,0.1044473797082901,Neutral
qmlX8ClsVWwsU,/home/jecroisp/Thesis/processed_data/TestingData/downLoadedGifs/qmlX8ClsVWwsU.gif,john travolta grease GIF,a cartoon character with a red shirt and blue pants,amusement,0.338089257478714,Happiness
WbheD0Y54pBPW,/home/jecroisp/Thesis/processed_data/TestingData/downLoadedGifs/WbheD0Y54pBPW.gif,star wars GIF,yo yo yo yo yo yo yo yo yo yo yo yo yo yo yo yo yo yo yo yo,excitement,0.1731808334589004,Happiness
VRolEcq3Z4axa,/home/jecroisp/Thesis/processed_data/TestingData/downLoadedGifs/VRolEcq3Z4axa.gif,Waving Home Alone GIF,a young boy looking through a window,curiosity,0.1634633392095565,Neutral
Ivmf74DbIBFPa,/home/jecroisp/Thesis/processed_data/TestingData/downLoadedGifs/Ivmf74DbIBFPa.gif,jurassic park cinema GIF,a man in glasses and a leather jacket with a quote on it,curiosity,0.1032944321632385,Neutral
HIrYP4RI9DpLy,/home/jecroisp/Thesis/processed_data/TestingData/downLoadedGifs/HIrYP4RI9DpLy.gif,clean up GIF,a woman cleaning a living room with a mop,realization,0.1213418990373611,Neutral
vMWq5dvuuiQmc,/home/jecroisp/Thesis/processed_data/TestingData/downLoadedGifs/vMWq5dvuuiQmc.gif,12 Years A Slave GIF,a woman with a face painted in black,disapproval,0.105537548661232,Anger
JjUMxtqGYXaKc,/home/jecroisp/Thesis/processed_data/TestingData/downLoadedGifs/JjUMxtqGYXaKc.gif,according war room GIF,"a man smoking a cigarette with the capt that reads, ' to say impurr of produ",curiosity,0.0837190374732017,Neutral
kznal07FJDUsw,/home/jecroisp/Thesis/processed_data/TestingData/downLoadedGifs/kznal07FJDUsw.gif,Sexy Chris Farley GIF,a man in a bathroom,realization,0.1161216720938682,Neutral
X753xqJRL15Pa,/home/jecroisp/Thesis/processed_data/TestingData/downLoadedGifs/X753xqJRL15Pa.gif,angry the office GIF,a man in a suit and tie sitting at a table,realization,0.0962372198700904,Neutral
ci0uDcGQtBh0k,/home/jecroisp/Thesis/processed_data/TestingData/downLoadedGifs/ci0uDcGQtBh0k.gif,Happy Andy Samberg GIF,a man with a tie around his neck,realization,0.0907506495714187,Neutral
ajQdLzFfWXEQw,/home/jecroisp/Thesis/processed_data/TestingData/downLoadedGifs/ajQdLzFfWXEQw.gif,jamie foxx cowboy GIF,a man in a hat and a hat on a horse,excitement,0.1047153323888778,Happiness
GD8ypYfe6WnBu,/home/jecroisp/Thesis/processed_data/TestingData/downLoadedGifs/GD8ypYfe6WnBu.gif,fuck my life fml GIF,a man with a knife and a cell,anger,0.1701918989419937,Anger
79ZFYdMsStRYI,/home/jecroisp/Thesis/processed_data/TestingData/downLoadedGifs/79ZFYdMsStRYI.gif,x-men goodbye GIF,a man wearing a hat,realization,0.108135737478733,Neutral
ZPHXO9RcU4Q2k,/home/jecroisp/Thesis/processed_data/TestingData/downLoadedGifs/ZPHXO9RcU4Q2k.gif,star wars jedi GIF,a scene of a scene from star wars,curiosity,0.1059549003839492,Neutral
aOIa4DvGN4M5q,/home/jecroisp/Thesis/processed_data/TestingData/downLoadedGifs/aOIa4DvGN4M5q.gif,logo meow GIF,a cat with a ribbon around its neck,caring,0.1168484091758728,Neutral
EUoQnnYBXiR4Q,/home/jecroisp/Thesis/processed_data/TestingData/downLoadedGifs/EUoQnnYBXiR4Q.gif,black and white love GIF,a black and white photo of a baby ' s feet,curiosity,0.1254798322916031,Neutral
wW0I7ayjRkTdK,/home/jecroisp/Thesis/processed_data/TestingData/downLoadedGifs/wW0I7ayjRkTdK.gif,Poetic Justice Thinking GIF,a man with a hat and a cell,realization,0.0766404569149017,Neutral
QynHhYJiwfoJO,/home/jecroisp/Thesis/processed_data/TestingData/downLoadedGifs/QynHhYJiwfoJO.gif,star wars GIF,yoo yoo yoo yoo yoo yoo yoo yoo yoo yoo,excitement,0.143082395195961,Happiness
114YgIm9NL6EDe,/home/jecroisp/Thesis/processed_data/TestingData/downLoadedGifs/114YgIm9NL6EDe.gif,Chris Farley Cinema Supremo GIF,a man in a car with a surprised look on his face,surprise,0.5403425693511963,Neutral
THzS8cPZPwr5e,/home/jecroisp/Thesis/processed_data/TestingData/downLoadedGifs/THzS8cPZPwr5e.gif,zoolander GIF,a man walking down a street in a city,realization,0.0898376256227493,Neutral
11YjSCHL4v3tF6,/home/jecroisp/Thesis/processed_data/TestingData/downLoadedGifs/11YjSCHL4v3tF6.gif,mad men smoking GIF,a woman sitting in a car with a cigarette in her mouth,disapproval,0.1148329451680183,Anger
1252MBJs73oIdq,/home/jecroisp/Thesis/processed_data/TestingData/downLoadedGifs/1252MBJs73oIdq.gif,Lauren Bacall Fashion GIF,a woman with a hat on,curiosity,0.0902526751160621,Neutral
30e7fUZYWFz1u,/home/jecroisp/Thesis/processed_data/TestingData/downLoadedGifs/30e7fUZYWFz1u.gif,happy endings helmet GIF,a woman in a helmet with a man behind her,realization,0.1001614853739738,Neutral
p71R5kxVjG8ww,/home/jecroisp/Thesis/processed_data/TestingData/downLoadedGifs/p71R5kxVjG8ww.gif,Scared Denzel Washington GIF,a man in a black shirt and hat,curiosity,0.0973763316869735,Neutral
nnngUm3dnQrrq,/home/jecroisp/Thesis/processed_data/TestingData/downLoadedGifs/nnngUm3dnQrrq.gif,crazy nicolas cage GIF,a man holding a knife in his hand,anger,0.195350781083107,Anger
qHBBYAh7BZVm,/home/jecroisp/Thesis/processed_data/TestingData/downLoadedGifs/qHBBYAh7BZVm.gif,arnold schwarzenegger eyes GIF,a close up of a person ' s face,realization,0.1258244216442108,Neutral
7MdjxhX0qxpfy,/home/jecroisp/Thesis/processed_data/TestingData/downLoadedGifs/7MdjxhX0qxpfy.gif,chef cooking GIF,a person cooking food on a grill,realization,0.1665144711732864,Neutral
12pCd2XbVGbFJe,/home/jecroisp/Thesis/processed_data/TestingData/downLoadedGifs/12pCd2XbVGbFJe.gif,sarah jessica parker bride GIF,a woman in a wedding dress and veil,realization,0.1209824159741401,Neutral
aq6wETurhpbc4,/home/jecroisp/Thesis/processed_data/TestingData/downLoadedGifs/aq6wETurhpbc4.gif,jaws smoking GIF,a man in a hat and glasses standing next to another man,curiosity,0.106199987232685,Neutral
nJZV6hKtNeSBO,/home/jecroisp/Thesis/processed_data/TestingData/downLoadedGifs/nJZV6hKtNeSBO.gif,Peter Pan Disney GIF,a cartoon figure sitting on top of a block,amusement,0.3355738818645477,Happiness
MNgO6pOH5iNEI,/home/jecroisp/Thesis/processed_data/TestingData/downLoadedGifs/MNgO6pOH5iNEI.gif,the craft witch GIF,a woman with a gun in her hand,anger,0.13137187063694,Anger
d2ZaW7LrLwem8W0U,/home/jecroisp/Thesis/processed_data/TestingData/downLoadedGifs/d2ZaW7LrLwem8W0U.gif,Macaulay Culkin 90S GIF by Home Alone,a young boy in a plaid shirt and jeans,curiosity,0.1205012276768684,Neutral
Qw4X3Fnt8MzvrCxmBLG,/home/jecroisp/Thesis/processed_data/TestingData/downLoadedGifs/Qw4X3Fnt8MzvrCxmBLG.gif,Mean Girls Wednesday GIF,a woman with long blonde hair,curiosity,0.1031271889805793,Neutral
2nwTda1ewYssE,/home/jecroisp/Thesis/processed_data/TestingData/downLoadedGifs/2nwTda1ewYssE.gif,hugh jackman explosion GIF,a man standing in front of a wall with a gun,anger,0.1369413286447525,Anger
Sz2wlGvaBBx7y,/home/jecroisp/Thesis/processed_data/TestingData/downLoadedGifs/Sz2wlGvaBBx7y.gif,bridesmaids really bitch GIF,a woman holding a microphone,realization,0.083114318549633,Neutral
zHfx3GVlBIzEQ,/home/jecroisp/Thesis/processed_data/TestingData/downLoadedGifs/zHfx3GVlBIzEQ.gif,embarrassed jane levy GIF,a woman in a denim jacket and red purse,desire,0.1393411457538604,Neutral
100YmlniUkSv84,/home/jecroisp/Thesis/processed_data/TestingData/downLoadedGifs/100YmlniUkSv84.gif,The Little Mermaid Yes GIF,ariel from the little mermaid,amusement,0.1975097358226776,Happiness
13DNfRT4u3Q6aI,/home/jecroisp/Thesis/processed_data/TestingData/downLoadedGifs/13DNfRT4u3Q6aI.gif,the prince of egypt GIF,the earth ' s surface is covered in a layer of ice,realization,0.1252247542142868,Neutral
FDcj0q2ebEYww,/home/jecroisp/Thesis/processed_data/TestingData/downLoadedGifs/FDcj0q2ebEYww.gif,game of thrones television GIF,a woman with long hair,realization,0.1246929541230201,Neutral
125fwzrLF058AM,/home/jecroisp/Thesis/processed_data/TestingData/downLoadedGifs/125fwzrLF058AM.gif,sofia coppola GIF,a man and woman laying in bed,realization,0.0990203022956848,Neutral
Lx4pmGXrGNGZq,/home/jecroisp/Thesis/processed_data/TestingData/downLoadedGifs/Lx4pmGXrGNGZq.gif,Robert Downey Jr GIF,a man and woman in a field,realization,0.126372829079628,Neutral
hPSMHzgHQeFuE,/home/jecroisp/Thesis/processed_data/TestingData/downLoadedGifs/hPSMHzgHQeFuE.gif,tom cruise no GIF,a man with a knife in his hand,anger,0.194281980395317,Anger
aaoG2VSbUdUe4,/home/jecroisp/Thesis/processed_data/TestingData/downLoadedGifs/aaoG2VSbUdUe4.gif,david tennant rage GIF,a man with a beard,realization,0.1299326419830322,Neutral
lwdzpYxsi4iJi,/home/jecroisp/Thesis/processed_data/TestingData/downLoadedGifs/lwdzpYxsi4iJi.gif,game of thrones i ship dany and jorah forever and theres nothing you can say that will stop me GIF,a woman in a red dress standing next to a fire,excitement,0.1221100091934204,Happiness
zL1dS1DJDvg6Q,/home/jecroisp/Thesis/processed_data/TestingData/downLoadedGifs/zL1dS1DJDvg6Q.gif,Kermit The Frog Muppets GIF,kesst kerst kerst kerstt kerstt kerstt kerst,caring,0.076102539896965,Neutral
ayuqM0h0QKXVS,/home/jecroisp/Thesis/processed_data/TestingData/downLoadedGifs/ayuqM0h0QKXVS.gif,dr strangelove phone GIF,a man sitting in front of a computer,annoyance,0.1155037432909011,Anger
l3iFkFhEGAme4,/home/jecroisp/Thesis/processed_data/TestingData/downLoadedGifs/l3iFkFhEGAme4.gif,titanic kate winslet GIF,a man in a suit and tie is holding a bag,curiosity,0.0844744443893432,Neutral
105nDZSgnQHeEg,/home/jecroisp/Thesis/processed_data/TestingData/downLoadedGifs/105nDZSgnQHeEg.gif,Michael Cera Want GIF,a man wearing a black jacket,curiosity,0.0959739163517952,Neutral
142a3ycYK7biCI,/home/jecroisp/Thesis/processed_data/TestingData/downLoadedGifs/142a3ycYK7biCI.gif,dumb and dumber television GIF,a man with his hands up in the air,excitement,0.1619186252355575,Happiness
11J6HQutnctcU8,/home/jecroisp/Thesis/processed_data/TestingData/downLoadedGifs/11J6HQutnctcU8.gif,i love him so much richard speight jr GIF,a man with a mustache and a mustache,realization,0.128422662615776,Neutral
pLnxbpVosgjE4,/home/jecroisp/Thesis/processed_data/TestingData/downLoadedGifs/pLnxbpVosgjE4.gif,Wonder Woman Beach GIF,a man and woman on the beach,curiosity,0.1083135604858398,Neutral
dtBjNKf61Wqqc,/home/jecroisp/Thesis/processed_data/TestingData/downLoadedGifs/dtBjNKf61Wqqc.gif,wizard of oz GIF,a scene from the wizard ' s lair,curiosity,0.1374984979629516,Neutral
eRppSyIp9brag,/home/jecroisp/Thesis/processed_data/TestingData/downLoadedGifs/eRppSyIp9brag.gif,dumb and dumber GIF,an older woman with a quote on her face,curiosity,0.1119235903024673,Neutral
ELHalaD1wIaLS,/home/jecroisp/Thesis/processed_data/TestingData/downLoadedGifs/ELHalaD1wIaLS.gif,leonardo dicaprio facts GIF,a man in a tuxed tuxed tuxed tuxed tuxed tuxed tuxed tuxed,realization,0.1220474019646644,Neutral
xUBEykINuR8w8,/home/jecroisp/Thesis/processed_data/TestingData/downLoadedGifs/xUBEykINuR8w8.gif,the virgin suicides GIF,a group of girls laying on a bed,realization,0.0728771537542343,Neutral
m2waAXhvLA0KI,/home/jecroisp/Thesis/processed_data/TestingData/downLoadedGifs/m2waAXhvLA0KI.gif,back to the future GIF,a man in a hat and coat talking to another man,curiosity,0.1050435155630111,Neutral
ghunn7VEJjj32,/home/jecroisp/Thesis/processed_data/TestingData/downLoadedGifs/ghunn7VEJjj32.gif,game of thrones GIF,the walking dead season 3 episode 3,disgust,0.1049322560429573,Disgust
vFa3GwYAAAZyM,/home/jecroisp/Thesis/processed_data/TestingData/downLoadedGifs/vFa3GwYAAAZyM.gif,Sexy GIF,a man and woman sitting on a bed,realization,0.1002202183008194,Neutral
bQC7ZxmQ3LdLO,/home/jecroisp/Thesis/processed_data/TestingData/downLoadedGifs/bQC7ZxmQ3LdLO.gif,I Want You Flirting GIF,a cat in a witch costume is standing on a broom,excitement,0.1102088466286659,Happiness
sVhSmYghQt4A0,/home/jecroisp/Thesis/processed_data/TestingData/downLoadedGifs/sVhSmYghQt4A0.gif,paris hilton ok GIF by RealityTVGIFs,a woman sitting at a table with a cell,realization,0.0935065448284149,Neutral
10J0Gj2jWO9tKg,/home/jecroisp/Thesis/processed_data/TestingData/downLoadedGifs/10J0Gj2jWO9tKg.gif,bruce lee shock GIF,a man with a shirt on,curiosity,0.0711719393730163,Neutral
BOgJCZ69lAuuQ,/home/jecroisp/Thesis/processed_data/TestingData/downLoadedGifs/BOgJCZ69lAuuQ.gif,harry styles sleeping GIF,a woman sleeping on a bed,realization,0.0982688218355178,Neutral
3oz8xIQbm340RYxX8c,/home/jecroisp/Thesis/processed_data/TestingData/downLoadedGifs/3oz8xIQbm340RYxX8c.gif,Blinking Keke Palmer GIF by BET,a woman sitting on a bench,curiosity,0.0920245796442031,Neutral
BsZ8JyNQ1Ji9y,/home/jecroisp/Thesis/processed_data/TestingData/downLoadedGifs/BsZ8JyNQ1Ji9y.gif,batman joker GIF,a group of people in costumes and masks,curiosity,0.0894514098763465,Neutral
j5ncTQKEIROne,/home/jecroisp/Thesis/processed_data/TestingData/downLoadedGifs/j5ncTQKEIROne.gif,Go Home Backstabbing Friends GIF,"a boy with a mustache and a quote that says, you ' re, you ' re, you",confusion,0.1371008157730102,Neutral
TU4IsbLjx9G2Q,/home/jecroisp/Thesis/processed_data/TestingData/downLoadedGifs/TU4IsbLjx9G2Q.gif,mockingjay part 2 film GIF,a woman with yellow hair,realization,0.1057382300496101,Neutral
RH9UkgS6sKozm,/home/jecroisp/Thesis/processed_data/TestingData/downLoadedGifs/RH9UkgS6sKozm.gif,Rudolph The Red Nosed Reindeer Christmas GIF,rudolph and rudolph the reindeer,amusement,0.181109994649887,Happiness
xT1R9D5z2Xm1pok6Na,/home/jecroisp/Thesis/processed_data/TestingData/downLoadedGifs/xT1R9D5z2Xm1pok6Na.gif,Japan Japanese GIF,a man in a bathroom,realization,0.1161216720938682,Neutral
xo6QL3gjGMimA,/home/jecroisp/Thesis/processed_data/TestingData/downLoadedGifs/xo6QL3gjGMimA.gif,excited leonardo dicaprio GIF,a man with no shirt,disapproval,0.1613719314336776,Anger
aPN2C7ZONEwEe5PNXj,/home/jecroisp/Thesis/processed_data/TestingData/downLoadedGifs/aPN2C7ZONEwEe5PNXj.gif,Happy I Love You GIF by Warner Bros. Deutschland,a young man in a plaid shirt holding a white object,curiosity,0.1166214346885681,Neutral
Nx2Lx1RmLadtC,/home/jecroisp/Thesis/processed_data/TestingData/downLoadedGifs/Nx2Lx1RmLadtC.gif,Jack Nicholson Deal With It GIF,a man in a car with a cell,realization,0.085135705769062,Neutral
JUh0yTz4h931K,/home/jecroisp/Thesis/processed_data/TestingData/downLoadedGifs/JUh0yTz4h931K.gif,Magnify Rick Moranis GIF,a group of people,realization,0.097486138343811,Neutral
dR4VPbfL9ejKg,/home/jecroisp/Thesis/processed_data/TestingData/downLoadedGifs/dR4VPbfL9ejKg.gif,old man GIF,a woman and a man in a room,realization,0.1113066151738166,Neutral
P9SmzhwWh6NWg,/home/jecroisp/Thesis/processed_data/TestingData/downLoadedGifs/P9SmzhwWh6NWg.gif,Animated GIF,a man in a suit and tie,realization,0.1246705278754234,Neutral
dcYAV9k3EZPTG,/home/jecroisp/Thesis/processed_data/TestingData/downLoadedGifs/dcYAV9k3EZPTG.gif,steve martin asshat GIF,a man in a chef ' s uniform talking to a man in a chef ' s uniform,curiosity,0.1004486307501792,Neutral
HLsevXffIdQqI,/home/jecroisp/Thesis/processed_data/TestingData/downLoadedGifs/HLsevXffIdQqI.gif,frozen trailers GIF,a woman in a purple sweater,curiosity,0.1242702230811119,Neutral
IImnQWkEDwYzC,/home/jecroisp/Thesis/processed_data/TestingData/downLoadedGifs/IImnQWkEDwYzC.gif,tom hanks quote GIF,a man holding a gun,anger,0.1734702289104461,Anger
1Mng0gXC5Tpcs,/home/jecroisp/Thesis/processed_data/TestingData/downLoadedGifs/1Mng0gXC5Tpcs.gif,doctor who dancing GIF by Cheezburger,a robot in a field,realization,0.1046738773584365,Neutral
bo5pJyxUr3R9C,/home/jecroisp/Thesis/processed_data/TestingData/downLoadedGifs/bo5pJyxUr3R9C.gif,Ryan Gosling Drive GIF,a man in a white jacket with yellow paint on his back,curiosity,0.1139263063669204,Neutral
kVA5mbyY6Z6AU,/home/jecroisp/Thesis/processed_data/TestingData/downLoadedGifs/kVA5mbyY6Z6AU.gif,Reaction GIF,a man with a black hat and a black shirt,curiosity,0.0874970257282257,Neutral
3o7abBAEIlO4kWucQ8,/home/jecroisp/Thesis/processed_data/TestingData/downLoadedGifs/3o7abBAEIlO4kWucQ8.gif,Movie GIF by Star Wars,a yoorm sitting in a chair,embarrassment,0.0816190987825393,Sadness
6U6sno5AkUsOQ,/home/jecroisp/Thesis/processed_data/TestingData/downLoadedGifs/6U6sno5AkUsOQ.gif,Shocked Disney GIF,a white stuffed bird,amusement,0.1299725919961929,Happiness
liUBWvASzqP0k,/home/jecroisp/Thesis/processed_data/TestingData/downLoadedGifs/liUBWvASzqP0k.gif,Jimmy Fallon Hello GIF,a woman with a ring on her finger,realization,0.1091018840670585,Neutral
DliyTFVc86qgE,/home/jecroisp/Thesis/processed_data/TestingData/downLoadedGifs/DliyTFVc86qgE.gif,dirty harry GIF,a man with a quote on his face,curiosity,0.0843659713864326,Neutral
d2Z7rMZnwEzolYQ0,/home/jecroisp/Thesis/processed_data/TestingData/downLoadedGifs/d2Z7rMZnwEzolYQ0.gif,90S Catherine Ohara GIF by Home Alone,a bed with a red blanket,caring,0.126803383231163,Neutral
Jr7YlhsCbwZDG,/home/jecroisp/Thesis/processed_data/TestingData/downLoadedGifs/Jr7YlhsCbwZDG.gif,Sorry GIF,a woman with blonde hair,curiosity,0.1016678810119628,Neutral
io3Y035fPzJKM,/home/jecroisp/Thesis/processed_data/TestingData/downLoadedGifs/io3Y035fPzJKM.gif,ferris buellers day off cough GIF,a young man in a red sweater,curiosity,0.1136402785778045,Neutral
gZq7GstcdqVXi,/home/jecroisp/Thesis/processed_data/TestingData/downLoadedGifs/gZq7GstcdqVXi.gif,Excited Katy Perry GIF by Katy Perry GIF Party,a woman with pink hair and a black shirt,desire,0.1234005689620971,Neutral
12bO6mIZRgRHKU,/home/jecroisp/Thesis/processed_data/TestingData/downLoadedGifs/12bO6mIZRgRHKU.gif,friends GIF,a man in a towel and a towel on his head,relief,0.0807595923542976,Happiness
c35RMDO6luMaQ,/home/jecroisp/Thesis/processed_data/TestingData/downLoadedGifs/c35RMDO6luMaQ.gif,Mr Bean GIF,a man in a suit and tie sitting on a train,curiosity,0.0991882383823394,Neutral
jzW66XbRwIePK,/home/jecroisp/Thesis/processed_data/TestingData/downLoadedGifs/jzW66XbRwIePK.gif,waynes world comedy GIF,a woman with blonde hair,curiosity,0.1016678810119628,Neutral
3o85xzYIHuDl00se3K,/home/jecroisp/Thesis/processed_data/TestingData/downLoadedGifs/3o85xzYIHuDl00se3K.gif, ,a group of people sitting around a table,curiosity,0.0993434712290763,Neutral
vzpy2NjOKdeyk,/home/jecroisp/Thesis/processed_data/TestingData/downLoadedGifs/vzpy2NjOKdeyk.gif,sad jon stewart GIF,a man sitting on a couch with a teddy bear,amusement,0.121809683740139,Happiness
44p9S3IjhXjdS,/home/jecroisp/Thesis/processed_data/TestingData/downLoadedGifs/44p9S3IjhXjdS.gif,ace ventura GIF,a man in a white shirt,realization,0.1058001741766929,Neutral
EWdsP9gHR9OFy,/home/jecroisp/Thesis/processed_data/TestingData/downLoadedGifs/EWdsP9gHR9OFy.gif,Mad Emma Stone GIF,a woman with a surprised expression in a movie,surprise,0.5401355624198914,Neutral
vhfXOHbsMSY8g,/home/jecroisp/Thesis/processed_data/TestingData/downLoadedGifs/vhfXOHbsMSY8g.gif,johnny depp goodbye GIF,a man with a black hair and a white face,realization,0.1004872843623161,Neutral
hsAJkbDnO8avm,/home/jecroisp/Thesis/processed_data/TestingData/downLoadedGifs/hsAJkbDnO8avm.gif,Home Alone Pepsi GIF,a group of people sitting around a table,curiosity,0.0993434712290763,Neutral
z1cfTvIuE3bry,/home/jecroisp/Thesis/processed_data/TestingData/downLoadedGifs/z1cfTvIuE3bry.gif,weird science GIF,a man wearing a baseball cap,curiosity,0.1147876009345054,Neutral
gsfQaYI6szUtO,/home/jecroisp/Thesis/processed_data/TestingData/downLoadedGifs/gsfQaYI6szUtO.gif,unimpressed james bond GIF,a man in a suit and tie standing in a room,realization,0.0999812260270118,Neutral
Xh1vgIUkJbPKo,/home/jecroisp/Thesis/processed_data/TestingData/downLoadedGifs/Xh1vgIUkJbPKo.gif,dumb and dumber yes GIF,a man sitting at a table,realization,0.1048985421657562,Neutral
omexlPoKyRKgM,/home/jecroisp/Thesis/processed_data/TestingData/downLoadedGifs/omexlPoKyRKgM.gif,Dirty Dancing GIF,a woman sitting on the floor,embarrassment,0.0944007709622383,Sadness
QiLGO93p22Epy,/home/jecroisp/Thesis/processed_data/TestingData/downLoadedGifs/QiLGO93p22Epy.gif,Tired Good Night GIF,a little girl sitting on a bed with a teddy bear,caring,0.0896807983517646,Neutral
231jfAgZ9N8ac,/home/jecroisp/Thesis/processed_data/TestingData/downLoadedGifs/231jfAgZ9N8ac.gif,depressed anthony michael hall GIF,a man sitting in front of a window with a quote on it,curiosity,0.1275746822357177,Neutral
26FLgVAMUwiKY99M4,/home/jecroisp/Thesis/processed_data/TestingData/downLoadedGifs/26FLgVAMUwiKY99M4.gif,GIF by HULU,a woman with long hair,realization,0.1246929541230201,Neutral
BouHPD3zdVEek,/home/jecroisp/Thesis/processed_data/TestingData/downLoadedGifs/BouHPD3zdVEek.gif,star trek poker GIF,a group of people playing poker,amusement,0.1558382511138916,Happiness
bxRPxJVOfCHNS,/home/jecroisp/Thesis/processed_data/TestingData/downLoadedGifs/bxRPxJVOfCHNS.gif,bridesmaids GIF,a woman in a striped dress,curiosity,0.1234102770686149,Neutral
RFRFc3yjQGr04,/home/jecroisp/Thesis/processed_data/TestingData/downLoadedGifs/RFRFc3yjQGr04.gif,yo flirting GIF,a woman with sunglasses on talking on a cell,curiosity,0.0918238312005996,Neutral
Z5KFinrsuLQVW,/home/jecroisp/Thesis/processed_data/TestingData/downLoadedGifs/Z5KFinrsuLQVW.gif,martin freeman sigh GIF,a man in a red shirt and a woman in a black dress,curiosity,0.1110553443431854,Neutral
FtBw4gIVV6fTO,/home/jecroisp/Thesis/processed_data/TestingData/downLoadedGifs/FtBw4gIVV6fTO.gif,Frustrated Toy Story GIF,a cartoon character in a kitchen with a large egg,amusement,0.4423215985298157,Happiness
ZLNJcUcndjB4s,/home/jecroisp/Thesis/processed_data/TestingData/downLoadedGifs/ZLNJcUcndjB4s.gif,Friday The 13Th 80S GIF,a person in a mask with a knife,anger,0.1404788643121719,Anger
G4iTN6BzRaHyU,/home/jecroisp/Thesis/processed_data/TestingData/downLoadedGifs/G4iTN6BzRaHyU.gif,titanic GIF,a group of people standing around a boat,curiosity,0.1108663603663444,Neutral
cytMOyTAI5EuDeerqV,/home/jecroisp/Thesis/processed_data/TestingData/downLoadedGifs/cytMOyTAI5EuDeerqV.gif,Pop Culture Glitch GIF by Robert Matejcek,a circular image of a black and white background with a rainbow - colored pattern,curiosity,0.1622019708156585,Neutral
26tPeuI0VimunEKdO,/home/jecroisp/Thesis/processed_data/TestingData/downLoadedGifs/26tPeuI0VimunEKdO.gif,Macaulay Culkin 90S GIF by Home Alone,a young boy with a red nose and a white shirt,curiosity,0.099463015794754,Neutral
1aM2NVojAU3GE,/home/jecroisp/Thesis/processed_data/TestingData/downLoadedGifs/1aM2NVojAU3GE.gif,sad chloe grace moretz GIF,a woman sitting on a chair in front of a window,curiosity,0.1168235018849372,Neutral
aHl1ghVQG1TdC,/home/jecroisp/Thesis/processed_data/TestingData/downLoadedGifs/aHl1ghVQG1TdC.gif,miley cyrus running GIF,a man and woman walking on the beach,curiosity,0.1348227113485336,Neutral
A4Mw5ePRh25Z8oGpgR,/home/jecroisp/Thesis/processed_data/TestingData/downLoadedGifs/A4Mw5ePRh25Z8oGpgR.gif,Jim Henson Popcorn GIF by Muppet Wiki,a boy wearing a hat,realization,0.0895237028598785,Neutral
qNtZneOGquVxK,/home/jecroisp/Thesis/processed_data/TestingData/downLoadedGifs/qNtZneOGquVxK.gif,the silence of the lambs GIF,a man in a suit standing in a room,realization,0.0940617173910141,Neutral
UNgNO6cLSYjte,/home/jecroisp/Thesis/processed_data/TestingData/downLoadedGifs/UNgNO6cLSYjte.gif,the red shoes GIF,a man and woman in a costume are dancing,excitement,0.2046502083539962,Happiness
Ch2CxqLmtKM6mjdguo,/home/jecroisp/Thesis/processed_data/TestingData/downLoadedGifs/Ch2CxqLmtKM6mjdguo.gif,Were Here Smiling GIF by BuzzFeed,a woman sitting on a chair with a laptop,curiosity,0.0871763825416565,Neutral
pVHFCtH0jYGUU,/home/jecroisp/Thesis/processed_data/TestingData/downLoadedGifs/pVHFCtH0jYGUU.gif,mad max GIF,a painting of a man with a knife,curiosity,0.134568303823471,Neutral
giiywitgl7wMgY3GtO,/home/jecroisp/Thesis/processed_data/TestingData/downLoadedGifs/giiywitgl7wMgY3GtO.gif,,the grand budapest hotel,realization,0.1123101040720939,Neutral
yJd73I4hdUIGQ,/home/jecroisp/Thesis/processed_data/TestingData/downLoadedGifs/yJd73I4hdUIGQ.gif,Home Alone 2 GIF,a man with a beard and a beard,realization,0.1254823952913284,Neutral
vwTfxvuiHOi7C,/home/jecroisp/Thesis/processed_data/TestingData/downLoadedGifs/vwTfxvuiHOi7C.gif,fight club GIF,a man with a quote on his face,curiosity,0.0843659713864326,Neutral
MWG1gTCynQJA4,/home/jecroisp/Thesis/processed_data/TestingData/downLoadedGifs/MWG1gTCynQJA4.gif,suicide squad GIF,a woman with a gun in her hand,anger,0.13137187063694,Anger
XCopjiQ1O29sA,/home/jecroisp/Thesis/processed_data/TestingData/downLoadedGifs/XCopjiQ1O29sA.gif,Sad Bbc GIF,a man in a suit and tie standing in the rain,surprise,0.1020243465900421,Neutral
b6Rgr2ktXhCww,/home/jecroisp/Thesis/processed_data/TestingData/downLoadedGifs/b6Rgr2ktXhCww.gif,shocked john travolta GIF,two men standing next to each other men,curiosity,0.0869102329015731,Neutral
OKttTanTR7bws,/home/jecroisp/Thesis/processed_data/TestingData/downLoadedGifs/OKttTanTR7bws.gif,harry potter what GIF,a man with glasses,realization,0.1115782335400581,Neutral
BYYlZ1gVn3iNy,/home/jecroisp/Thesis/processed_data/TestingData/downLoadedGifs/BYYlZ1gVn3iNy.gif,awkward sorry not sorry GIF,the meanies are all dressed up in cheer uniforms,excitement,0.1182944104075431,Happiness
TDWwXnAZbp0xW,/home/jecroisp/Thesis/processed_data/TestingData/downLoadedGifs/TDWwXnAZbp0xW.gif,Elf Waving GIF,a man taking a picture of a city street,curiosity,0.1520103365182876,Neutral
14nf2BIr9HDUgE,/home/jecroisp/Thesis/processed_data/TestingData/downLoadedGifs/14nf2BIr9HDUgE.gif,star trek running GIF,a man in a white suit is standing in a room,surprise,0.0919428467750549,Neutral
ce66jG3Gcy1UY,/home/jecroisp/Thesis/processed_data/TestingData/downLoadedGifs/ce66jG3Gcy1UY.gif,home alone GIF,a woman in a green apron holding a cup,curiosity,0.103363998234272,Neutral
b3u8anVaWFQ9G,/home/jecroisp/Thesis/processed_data/TestingData/downLoadedGifs/b3u8anVaWFQ9G.gif,this is the end boom GIF,a man with a beard,realization,0.1299326419830322,Neutral
W9MrmldYlFm5G,/home/jecroisp/Thesis/processed_data/TestingData/downLoadedGifs/W9MrmldYlFm5G.gif,sick kirk douglas GIF,a man and woman talking in a room,realization,0.1144338995218277,Neutral
TbZ9SAB5Wzgn6,/home/jecroisp/Thesis/processed_data/TestingData/downLoadedGifs/TbZ9SAB5Wzgn6.gif,home alone GIF,a long hallway with a man walking down the middle,curiosity,0.0953899919986724,Neutral
rsZXfWjafmRa0,/home/jecroisp/Thesis/processed_data/TestingData/downLoadedGifs/rsZXfWjafmRa0.gif,eyes running GIF,a woman is walking down the street with her cell,annoyance,0.0879974737763404,Anger
8UG1edVCQECic,/home/jecroisp/Thesis/processed_data/TestingData/downLoadedGifs/8UG1edVCQECic.gif,chris farley Tommy Callahan GIF,a man standing in front of a red wall,curiosity,0.0766506865620613,Neutral
l3vR5FWuzjnZnfsoE,/home/jecroisp/Thesis/processed_data/TestingData/downLoadedGifs/l3vR5FWuzjnZnfsoE.gif,Sad Keke Palmer GIF by BET,a woman is holding a cell phone,confusion,0.0858705937862396,Neutral
10v3lkyiqrIJ7a,/home/jecroisp/Thesis/processed_data/TestingData/downLoadedGifs/10v3lkyiqrIJ7a.gif,post GIF,a woman with long hair,realization,0.1246929541230201,Neutral
pnN02f7FZ9psI,/home/jecroisp/Thesis/processed_data/TestingData/downLoadedGifs/pnN02f7FZ9psI.gif,adam sandler film GIF,a television with a picture of two men talking,curiosity,0.1503065228462219,Neutral
zQm0rSOmXcDm0,/home/jecroisp/Thesis/processed_data/TestingData/downLoadedGifs/zQm0rSOmXcDm0.gif,the sopranos morning GIF,a man walking down a road,confusion,0.097587876021862,Neutral
uJESlGbxDPscM,/home/jecroisp/Thesis/processed_data/TestingData/downLoadedGifs/uJESlGbxDPscM.gif,harry potter GIF,a group of people jumping in the air,excitement,0.4057760238647461,Happiness
uP3gruWhesAKxiA00v,/home/jecroisp/Thesis/processed_data/TestingData/downLoadedGifs/uP3gruWhesAKxiA00v.gif,Glasgow Film Festival Movie GIF by Signature Entertainment,a woman in a yellow sweater,curiosity,0.1122033521533012,Neutral
a9qNCd2zeCMwM,/home/jecroisp/Thesis/processed_data/TestingData/downLoadedGifs/a9qNCd2zeCMwM.gif,i miss you GIF,a woman with long hair,realization,0.1246929541230201,Neutral
3o6Ztgta1v4i7pOy3u,/home/jecroisp/Thesis/processed_data/TestingData/downLoadedGifs/3o6Ztgta1v4i7pOy3u.gif,karrueche tran crying GIF by BET,a woman sitting on a couch with a pillow,realization,0.0785905048251152,Neutral
3ornk7nts29Am5LIfm,/home/jecroisp/Thesis/processed_data/TestingData/downLoadedGifs/3ornk7nts29Am5LIfm.gif,Sith Lord Unlimited Power GIF by Star Wars,a man with a white beard,realization,0.1280608624219894,Neutral
lTneijCUBou4,/home/jecroisp/Thesis/processed_data/TestingData/downLoadedGifs/lTneijCUBou4.gif,Mean Girls Yes GIF,a woman sitting at a table with a drink,curiosity,0.0915467143058776,Neutral
RV012Nn33GmwE,/home/jecroisp/Thesis/processed_data/TestingData/downLoadedGifs/RV012Nn33GmwE.gif,yeah GIF,a man and woman are talking in a room,realization,0.1127785965800285,Neutral
1cVsdnAKMmfny,/home/jecroisp/Thesis/processed_data/TestingData/downLoadedGifs/1cVsdnAKMmfny.gif,ryan reynolds deadpool GIF,a man laying in a hospital bed with a quote on it,caring,0.0777141004800796,Neutral
SKhNHgpJzthII,/home/jecroisp/Thesis/processed_data/TestingData/downLoadedGifs/SKhNHgpJzthII.gif,happy wizard of oz GIF,the wizard and his friends in the wizard ' s garden,excitement,0.116414874792099,Happiness
kCb3Wq8ZOq4WQ,/home/jecroisp/Thesis/processed_data/TestingData/downLoadedGifs/kCb3Wq8ZOq4WQ.gif,chris farley GIF,a man in a white shirt,realization,0.1058001741766929,Neutral
wIkSRfA6qYy1oAimB5,/home/jecroisp/Thesis/processed_data/TestingData/downLoadedGifs/wIkSRfA6qYy1oAimB5.gif,burt reynolds film GIF,a woman and a man in a car,realization,0.0911959186196327,Neutral
HqHX4xRIjle48,/home/jecroisp/Thesis/processed_data/TestingData/downLoadedGifs/HqHX4xRIjle48.gif,neve campbell film GIF,a girl standing on a couch in front of a window,curiosity,0.1055966466665268,Neutral
dIM73dIp74msM,/home/jecroisp/Thesis/processed_data/TestingData/downLoadedGifs/dIM73dIp74msM.gif,GIF by SB Nation,a group of people standing around a cake,curiosity,0.1080382689833641,Neutral
108UOkkYPawnPa,/home/jecroisp/Thesis/processed_data/TestingData/downLoadedGifs/108UOkkYPawnPa.gif,sad tom hiddleston GIF,a man in a black shirt and a black jacket,desire,0.1043397337198257,Neutral
EYQlopLILSA1O,/home/jecroisp/Thesis/processed_data/TestingData/downLoadedGifs/EYQlopLILSA1O.gif,back to the future GIF,a man in a blue jacket holding a cell,nervousness,0.0768460854887962,Fear
13YILELIsmsRnq,/home/jecroisp/Thesis/processed_data/TestingData/downLoadedGifs/13YILELIsmsRnq.gif,embarrassed channing tatum GIF,a man in a blue shirt,realization,0.0946252420544624,Neutral
10qknPq1zzwlLW,/home/jecroisp/Thesis/processed_data/TestingData/downLoadedGifs/10qknPq1zzwlLW.gif,sitting randal kleiser GIF,a woman with pink hair blowing a bubble,excitement,0.2003022730350494,Happiness
au879GHBMcvw4,/home/jecroisp/Thesis/processed_data/TestingData/downLoadedGifs/au879GHBMcvw4.gif,martial arts peace GIF,two men sitting at a table,realization,0.0957102105021476,Neutral
12IH6Dbg7xTvPO,/home/jecroisp/Thesis/processed_data/TestingData/downLoadedGifs/12IH6Dbg7xTvPO.gif,Old Man Disney GIF,the hus and the hus of the hus,excitement,0.1420960426330566,Happiness
11RuG8n1SEkLqo,/home/jecroisp/Thesis/processed_data/TestingData/downLoadedGifs/11RuG8n1SEkLqo.gif,Sick Kill Me GIF,a man laying in a hospital bed,sadness,0.0878164693713188,Sadness
6ZHUmnZdVQB9K,/home/jecroisp/Thesis/processed_data/TestingData/downLoadedGifs/6ZHUmnZdVQB9K.gif,Alice In Wonderland Shrug GIF,a cartoon of alice and alice in alice ' s wonderland,amusement,0.4700249135494232,Happiness
bhG5drYIb6RI4,/home/jecroisp/Thesis/processed_data/TestingData/downLoadedGifs/bhG5drYIb6RI4.gif,talking jack black GIF,a man in a blue shirt and white pants,desire,0.1077042669057846,Neutral
aFsZYg7iN7Q7C,/home/jecroisp/Thesis/processed_data/TestingData/downLoadedGifs/aFsZYg7iN7Q7C.gif,the life aquatic with steve zissou running GIF,a group of people running on the beach,excitement,0.2175626903772354,Happiness
in9BMG2gESo5q,/home/jecroisp/Thesis/processed_data/TestingData/downLoadedGifs/in9BMG2gESo5q.gif,france watch GIF,"the cover of the album, ' the night is coming '",excitement,0.1124536395072937,Happiness
